Chemin,Type,Extension
.ci.example.yml,fichier,yml
.coveragerc,fichier,coveragerc
.dockerignore,fichier,dockerignore
.editorconfig,fichier,editorconfig
.env.example,fichier,example
.env.local,fichier,local
.env.production,fichier,production
.env.test,fichier,test
.envrc,fichier,envrc
.envrc.example,fichier,example
.envrc.local,fichier,local
.flake8,fichier,flake8
.gitattributes,fichier,gitattributes
.githooks,fichier,githooks
  ,fichier,
  ,fichier,
  ,fichier,
  ,fichier,
.github,fichier,github
  ,fichier,
  ,fichier,
  ,fichier,
  ,fichier,
  ,fichier,
  ,fichier,
  ,fichier,
  ,fichier,
  ,fichier,
  ,fichier,
  ,fichier,
  ,fichier,
  ,fichier,
.gitmessage,fichier,gitmessage
.mailmap,fichier,mailmap
.prettierrc,fichier,prettierrc
.vscode,fichier,vscode
  ,fichier,
  ,fichier,
ACCESSIBILITY_GUIDE.md,fichier,md
ACCESSIBILITY_GUIDE_ADVANCED.md,fichier,md
ACCESS_CONTROL.md,fichier,md
ARCHITECTURE.md,fichier,md
AUDIT_LOGGING_GUIDE.md,fichier,md
BACKUP_GUIDE.md,fichier,md
CHANGELOG.md,fichier,md
CLOUD_ARCHITECTURE.md,fichier,md
CODE_OF_CONDUCT.md,fichier,md
CODE_STYLE.md,fichier,md
DATA_MIGRATIONS.md,fichier,md
DATA_MIGRATIONS_GUIDE.md,fichier,md
DEPENDENCIES.md,fichier,md
Dihya,fichier,
  ,fichier,
  ,fichier,
  ,fichier,
  ,fichier,
  ,fichier,
  ,fichier,
  ,fichier,
  ,fichier,
  ,fichier,
  ,fichier,
  ,fichier,
  ,fichier,
  ,fichier,
  ,fichier,
  ,fichier,
  ,fichier,
  ,fichier,
  ,fichier,
  ,fichier,
  ,fichier,
  ,fichier,
  ,fichier,
  ,fichier,
  ,fichier,
  ,fichier,
  ,fichier,
  ,fichier,
  ,fichier,
  ,fichier,
  ,fichier,
  ,fichier,
  ,fichier,
  ,fichier,
  ,fichier,
  ,fichier,
  ,fichier,
  ,fichier,
  ,fichier,
  ,fichier,
  ,fichier,
  ,fichier,
  ,fichier,
  ,fichier,
  ,fichier,
  ,fichier,
  ,fichier,
  ,fichier,
  ,fichier,
  ,fichier,
  ,fichier,
  ,fichier,
  ,fichier,
  ,fichier,
  ,fichier,
  ,fichier,
  ,fichier,
  ,fichier,
  ,fichier,
  ,fichier,
  ,fichier,
  ,fichier,
  ,fichier,
  ,fichier,
  ,fichier,
  ,fichier,
  ,fichier,
  ,fichier,
  ,fichier,
  ,fichier,
  ,fichier,
  ,fichier,
  ,fichier,
  ,fichier,
  ,fichier,
  ,fichier,
  ,fichier,
  ,fichier,
  ,fichier,
  ,fichier,
  ,fichier,
  ,fichier,
  ,fichier,
  ,fichier,
  ,fichier,
  ,fichier,
  ,fichier,
  ,fichier,
  ,fichier,
  ,fichier,
  ,fichier,
  ,fichier,
  ,fichier,
  ,fichier,
  ,fichier,
  ,fichier,
  ,fichier,
  ,fichier,
  ,fichier,
  ,fichier,
  ,fichier,
  ,fichier,
  ,fichier,
  ,fichier,
  ,fichier,
  ,fichier,
  ,fichier,
  ,fichier,
  ,fichier,
  ,fichier,
  ,fichier,
  ,fichier,
  ,fichier,
  ,fichier,
  ,fichier,
  ,fichier,
  ,fichier,
  ,fichier,
  ,fichier,
  ,fichier,
  ,fichier,
  ,fichier,
  ,fichier,
  ,fichier,
  ,fichier,
  ,fichier,
  ,fichier,
  ,fichier,
  ,fichier,
  ,fichier,
  ,fichier,
  ,fichier,
  ,fichier,
  ,fichier,
  ,fichier,
  ,fichier,
  ,fichier,
  ,fichier,
  ,fichier,
  ,fichier,
  ,fichier,
  ,fichier,
  ,fichier,
  ,fichier,
  ,fichier,
  ,fichier,
  ,fichier,
  ,fichier,
  ,fichier,
  ,fichier,
  ,fichier,
  ,fichier,
  ,fichier,
  ,fichier,
  ,fichier,
  ,fichier,
  ,fichier,
  ,fichier,
  ,fichier,
  ,fichier,
  ,fichier,
  ,fichier,
  ,fichier,
  ,fichier,
  ,fichier,
  ,fichier,
  ,fichier,
  ,fichier,
  ,fichier,
  ,fichier,
  ,fichier,
  ,fichier,
  ,fichier,
  ,fichier,
  ,fichier,
  ,fichier,
  ,fichier,
  ,fichier,
  ,fichier,
  ,fichier,
  ,fichier,
  ,fichier,
  ,fichier,
  ,fichier,
  ,fichier,
  ,fichier,
  ,fichier,
  ,fichier,
  ,fichier,
  ,fichier,
  ,fichier,
  ,fichier,
  ,fichier,
  ,fichier,
  ,fichier,
  ,fichier,
  ,fichier,
  ,fichier,
  ,fichier,
  ,fichier,
  ,fichier,
  ,fichier,
  ,fichier,
  ,fichier,
  ,fichier,
  ,fichier,
  ,fichier,
  ,fichier,
  ,fichier,
  ,fichier,
  ,fichier,
  ,fichier,
  ,fichier,
  ,fichier,
  ,fichier,
  ,fichier,
  ,fichier,
  ,fichier,
  ,fichier,
  ,fichier,
  ,fichier,
  ,fichier,
  ,fichier,
  ,fichier,
  ,fichier,
  ,fichier,
  ,fichier,
  ,fichier,
  ,fichier,
  ,fichier,
  ,fichier,
  ,fichier,
  ,fichier,
  ,fichier,
  ,fichier,
  ,fichier,
  ,fichier,
  ,fichier,
  ,fichier,
  ,fichier,
  ,fichier,
  ,fichier,
  ,fichier,
  ,fichier,
  ,fichier,
  ,fichier,
  ,fichier,
  ,fichier,
  ,fichier,
  ,fichier,
  ,fichier,
  ,fichier,
  ,fichier,
  ,fichier,
  ,fichier,
  ,fichier,
  ,fichier,
  ,fichier,
  ,fichier,
  ,fichier,
  ,fichier,
  ,fichier,
  ,fichier,
  ,fichier,
  ,fichier,
  ,fichier,
  ,fichier,
  ,fichier,
  ,fichier,
  ,fichier,
  ,fichier,
  ,fichier,
  ,fichier,
  ,fichier,
  ,fichier,
  ,fichier,
  ,fichier,
  ,fichier,
  ,fichier,
  ,fichier,
  ,fichier,
  ,fichier,
  ,fichier,
  ,fichier,
  ,fichier,
  ,fichier,
  ,fichier,
  ,fichier,
  ,fichier,
  ,fichier,
  ,fichier,
  ,fichier,
  ,fichier,
  ,fichier,
  ,fichier,
  ,fichier,
  ,fichier,
  ,fichier,
  ,fichier,
  ,fichier,
  ,fichier,
  ,fichier,
  ,fichier,
  ,fichier,
  ,fichier,
  ,fichier,
  ,fichier,
  ,fichier,
  ,fichier,
  ,fichier,
  ,fichier,
  ,fichier,
  ,fichier,
  ,fichier,
  ,fichier,
  ,fichier,
  ,fichier,
  ,fichier,
  ,fichier,
  ,fichier,
  ,fichier,
  ,fichier,
  ,fichier,
  ,fichier,
  ,fichier,
  ,fichier,
  ,fichier,
  ,fichier,
  ,fichier,
  ,fichier,
  ,fichier,
  ,fichier,
  ,fichier,
  ,fichier,
  ,fichier,
  ,fichier,
  ,fichier,
  ,fichier,
  ,fichier,
  ,fichier,
  ,fichier,
  ,fichier,
  ,fichier,
  ,fichier,
  ,fichier,
  ,fichier,
  ,fichier,
  ,fichier,
  ,fichier,
  ,fichier,
  ,fichier,
  ,fichier,
  ,fichier,
  ,fichier,
  ,fichier,
  ,fichier,
  ,fichier,
  ,fichier,
  ,fichier,
  ,fichier,
  ,fichier,
  ,fichier,
  ,fichier,
  ,fichier,
  ,fichier,
  ,fichier,
  ,fichier,
  ,fichier,
  ,fichier,
  ,fichier,
  ,fichier,
  ,fichier,
  ,fichier,
  ,fichier,
  ,fichier,
  ,fichier,
  ,fichier,
  ,fichier,
  ,fichier,
  ,fichier,
  ,fichier,
  ,fichier,
  ,fichier,
  ,fichier,
  ,fichier,
  ,fichier,
  ,fichier,
  ,fichier,
  ,fichier,
  ,fichier,
  ,fichier,
  ,fichier,
  ,fichier,
  ,fichier,
  ,fichier,
  ,fichier,
  ,fichier,
  ,fichier,
  ,fichier,
  ,fichier,
  ,fichier,
  ,fichier,
  ,fichier,
  ,fichier,
  ,fichier,
  ,fichier,
  ,fichier,
  ,fichier,
  ,fichier,
  ,fichier,
  ,fichier,
  ,fichier,
  ,fichier,
  ,fichier,
  ,fichier,
  ,fichier,
  ,fichier,
  ,fichier,
  ,fichier,
  ,fichier,
  ,fichier,
  ,fichier,
  ,fichier,
  ,fichier,
  ,fichier,
  ,fichier,
  ,fichier,
  ,fichier,
  ,fichier,
  ,fichier,
  ,fichier,
  ,fichier,
  ,fichier,
  ,fichier,
  ,fichier,
  ,fichier,
  ,fichier,
  ,fichier,
  ,fichier,
  ,fichier,
  ,fichier,
  ,fichier,
  ,fichier,
  ,fichier,
  ,fichier,
  ,fichier,
  ,fichier,
  ,fichier,
  ,fichier,
  ,fichier,
  ,fichier,
  ,fichier,
  ,fichier,
  ,fichier,
  ,fichier,
  ,fichier,
  ,fichier,
  ,fichier,
  ,fichier,
  ,fichier,
  ,fichier,
  ,fichier,
  ,fichier,
  ,fichier,
  ,fichier,
  ,fichier,
  ,fichier,
  ,fichier,
  ,fichier,
  ,fichier,
  ,fichier,
  ,fichier,
  ,fichier,
  ,fichier,
  ,fichier,
  ,fichier,
  ,fichier,
  ,fichier,
  ,fichier,
  ,fichier,
  ,fichier,
  ,fichier,
  ,fichier,
  ,fichier,
  ,fichier,
  ,fichier,
  ,fichier,
  ,fichier,
  ,fichier,
  ,fichier,
  ,fichier,
  ,fichier,
  ,fichier,
  ,fichier,
  ,fichier,
  ,fichier,
  ,fichier,
  ,fichier,
  ,fichier,
  ,fichier,
  ,fichier,
  ,fichier,
  ,fichier,
  ,fichier,
  ,fichier,
  ,fichier,
  ,fichier,
  ,fichier,
  ,fichier,
  ,fichier,
  ,fichier,
  ,fichier,
  ,fichier,
  ,fichier,
  ,fichier,
  ,fichier,
  ,fichier,
  ,fichier,
  ,fichier,
  ,fichier,
  ,fichier,
  ,fichier,
  ,fichier,
  ,fichier,
  ,fichier,
  ,fichier,
  ,fichier,
  ,fichier,
  ,fichier,
  ,fichier,
  ,fichier,
  ,fichier,
  ,fichier,
  ,fichier,
  ,fichier,
  ,fichier,
  ,fichier,
  ,fichier,
  ,fichier,
  ,fichier,
  ,fichier,
  ,fichier,
  ,fichier,
  ,fichier,
  ,fichier,
  ,fichier,
  ,fichier,
  ,fichier,
  ,fichier,
  ,fichier,
  ,fichier,
  ,fichier,
  ,fichier,
  ,fichier,
  ,fichier,
  ,fichier,
  ,fichier,
  ,fichier,
  ,fichier,
  ,fichier,
  ,fichier,
  ,fichier,
  ,fichier,
  ,fichier,
  ,fichier,
  ,fichier,
  ,fichier,
  ,fichier,
  ,fichier,
  ,fichier,
  ,fichier,
  ,fichier,
  ,fichier,
  ,fichier,
  ,fichier,
  ,fichier,
  ,fichier,
  ,fichier,
  ,fichier,
  ,fichier,
  ,fichier,
  ,fichier,
  ,fichier,
  ,fichier,
  ,fichier,
  ,fichier,
  ,fichier,
  ,fichier,
  ,fichier,
  ,fichier,
  ,fichier,
  ,fichier,
  ,fichier,
  ,fichier,
  ,fichier,
  ,fichier,
  ,fichier,
  ,fichier,
  ,fichier,
  ,fichier,
  ,fichier,
  ,fichier,
  ,fichier,
  ,fichier,
  ,fichier,
  ,fichier,
  ,fichier,
  ,fichier,
  ,fichier,
  ,fichier,
  ,fichier,
  ,fichier,
  ,fichier,
  ,fichier,
  ,fichier,
  ,fichier,
  ,fichier,
  ,fichier,
  ,fichier,
  ,fichier,
  ,fichier,
  ,fichier,
  ,fichier,
  ,fichier,
  ,fichier,
  ,fichier,
  ,fichier,
  ,fichier,
  ,fichier,
  ,fichier,
  ,fichier,
  ,fichier,
  ,fichier,
  ,fichier,
  ,fichier,
  ,fichier,
  ,fichier,
  ,fichier,
  ,fichier,
  ,fichier,
  ,fichier,
  ,fichier,
  ,fichier,
  ,fichier,
  ,fichier,
  ,fichier,
  ,fichier,
  ,fichier,
  ,fichier,
  ,fichier,
  ,fichier,
  ,fichier,
  ,fichier,
  ,fichier,
  ,fichier,
  ,fichier,
  ,fichier,
  ,fichier,
  ,fichier,
  ,fichier,
  ,fichier,
  ,fichier,
  ,fichier,
  ,fichier,
  ,fichier,
  ,fichier,
  ,fichier,
  ,fichier,
  ,fichier,
  ,fichier,
  ,fichier,
  ,fichier,
  ,fichier,
  ,fichier,
  ,fichier,
  ,fichier,
  ,fichier,
  ,fichier,
  ,fichier,
  ,fichier,
  ,fichier,
  ,fichier,
  ,fichier,
  ,fichier,
  ,fichier,
  ,fichier,
  ,fichier,
  ,fichier,
  ,fichier,
  ,fichier,
  ,fichier,
  ,fichier,
  ,fichier,
  ,fichier,
  ,fichier,
  ,fichier,
  ,fichier,
  ,fichier,
  ,fichier,
  ,fichier,
  ,fichier,
  ,fichier,
  ,fichier,
  ,fichier,
  ,fichier,
  ,fichier,
  ,fichier,
  ,fichier,
  ,fichier,
  ,fichier,
  ,fichier,
  ,fichier,
  ,fichier,
  ,fichier,
  ,fichier,
  ,fichier,
  ,fichier,
  ,fichier,
  ,fichier,
  ,fichier,
  ,fichier,
  ,fichier,
  ,fichier,
  ,fichier,
  ,fichier,
  ,fichier,
  ,fichier,
  ,fichier,
  ,fichier,
  ,fichier,
  ,fichier,
  ,fichier,
  ,fichier,
  ,fichier,
  ,fichier,
  ,fichier,
  ,fichier,
  ,fichier,
  ,fichier,
  ,fichier,
  ,fichier,
  ,fichier,
  ,fichier,
  ,fichier,
  ,fichier,
  ,fichier,
  ,fichier,
  ,fichier,
  ,fichier,
  ,fichier,
  ,fichier,
  ,fichier,
  ,fichier,
  ,fichier,
  ,fichier,
  ,fichier,
  ,fichier,
  ,fichier,
  ,fichier,
  ,fichier,
  ,fichier,
  ,fichier,
  ,fichier,
  ,fichier,
  ,fichier,
  ,fichier,
  ,fichier,
  ,fichier,
  ,fichier,
  ,fichier,
  ,fichier,
  ,fichier,
  ,fichier,
  ,fichier,
  ,fichier,
  ,fichier,
  ,fichier,
  ,fichier,
  ,fichier,
  ,fichier,
  ,fichier,
  ,fichier,
  ,fichier,
  ,fichier,
  ,fichier,
  ,fichier,
  ,fichier,
  ,fichier,
  ,fichier,
  ,fichier,
  ,fichier,
  ,fichier,
  ,fichier,
  ,fichier,
  ,fichier,
  ,fichier,
  ,fichier,
  ,fichier,
  ,fichier,
  ,fichier,
  ,fichier,
  ,fichier,
  ,fichier,
  ,fichier,
  ,fichier,
  ,fichier,
  ,fichier,
  ,fichier,
  ,fichier,
  ,fichier,
  ,fichier,
  ,fichier,
  ,fichier,
  ,fichier,
  ,fichier,
  ,fichier,
  ,fichier,
  ,fichier,
  ,fichier,
  ,fichier,
  ,fichier,
  ,fichier,
  ,fichier,
  ,fichier,
  ,fichier,
  ,fichier,
  ,fichier,
  ,fichier,
  ,fichier,
  ,fichier,
  ,fichier,
  ,fichier,
  ,fichier,
  ,fichier,
  ,fichier,
  ,fichier,
  ,fichier,
  ,fichier,
  ,fichier,
  ,fichier,
  ,fichier,
  ,fichier,
  ,fichier,
  ,fichier,
  ,fichier,
  ,fichier,
  ,fichier,
  ,fichier,
  ,fichier,
  ,fichier,
  ,fichier,
  ,fichier,
  ,fichier,
  ,fichier,
  ,fichier,
  ,fichier,
  ,fichier,
  ,fichier,
  ,fichier,
  ,fichier,
  ,fichier,
  ,fichier,
  ,fichier,
  ,fichier,
  ,fichier,
  ,fichier,
  ,fichier,
  ,fichier,
  ,fichier,
  ,fichier,
  ,fichier,
  ,fichier,
  ,fichier,
  ,fichier,
  ,fichier,
  ,fichier,
  ,fichier,
  ,fichier,
  ,fichier,
  ,fichier,
  ,fichier,
  ,fichier,
  ,fichier,
  ,fichier,
  ,fichier,
  ,fichier,
  ,fichier,
  ,fichier,
  ,fichier,
  ,fichier,
  ,fichier,
  ,fichier,
  ,fichier,
  ,fichier,
  ,fichier,
  ,fichier,
  ,fichier,
  ,fichier,
  ,fichier,
  ,fichier,
  ,fichier,
  ,fichier,
  ,fichier,
  ,fichier,
  ,fichier,
  ,fichier,
  ,fichier,
  ,fichier,
  ,fichier,
  ,fichier,
  ,fichier,
  ,fichier,
  ,fichier,
  ,fichier,
  ,fichier,
  ,fichier,
  ,fichier,
  ,fichier,
  ,fichier,
  ,fichier,
  ,fichier,
  ,fichier,
  ,fichier,
  ,fichier,
  ,fichier,
  ,fichier,
  ,fichier,
  ,fichier,
  ,fichier,
  ,fichier,
  ,fichier,
  ,fichier,
  ,fichier,
  ,fichier,
  ,fichier,
  ,fichier,
  ,fichier,
  ,fichier,
  ,fichier,
  ,fichier,
  ,fichier,
  ,fichier,
  ,fichier,
  ,fichier,
  ,fichier,
  ,fichier,
  ,fichier,
  ,fichier,
  ,fichier,
  ,fichier,
  ,fichier,
  ,fichier,
  ,fichier,
  ,fichier,
  ,fichier,
  ,fichier,
  ,fichier,
  ,fichier,
  ,fichier,
  ,fichier,
  ,fichier,
  ,fichier,
  ,fichier,
  ,fichier,
  ,fichier,
  ,fichier,
  ,fichier,
  ,fichier,
  ,fichier,
  ,fichier,
  ,fichier,
  ,fichier,
  ,fichier,
  ,fichier,
  ,fichier,
  ,fichier,
  ,fichier,
  ,fichier,
  ,fichier,
  ,fichier,
  ,fichier,
  ,fichier,
  ,fichier,
  ,fichier,
  ,fichier,
  ,fichier,
  ,fichier,
  ,fichier,
  ,fichier,
  ,fichier,
  ,fichier,
  ,fichier,
  ,fichier,
  ,fichier,
  ,fichier,
  ,fichier,
  ,fichier,
  ,fichier,
  ,fichier,
  ,fichier,
  ,fichier,
  ,fichier,
  ,fichier,
  ,fichier,
  ,fichier,
  ,fichier,
  ,fichier,
  ,fichier,
  ,fichier,
  ,fichier,
  ,fichier,
  ,fichier,
  ,fichier,
  ,fichier,
  ,fichier,
  ,fichier,
  ,fichier,
  ,fichier,
  ,fichier,
  ,fichier,
  ,fichier,
  ,fichier,
  ,fichier,
  ,fichier,
  ,fichier,
  ,fichier,
  ,fichier,
  ,fichier,
  ,fichier,
  ,fichier,
  ,fichier,
  ,fichier,
  ,fichier,
  ,fichier,
  ,fichier,
  ,fichier,
  ,fichier,
  ,fichier,
  ,fichier,
  ,fichier,
  ,fichier,
  ,fichier,
  ,fichier,
  ,fichier,
  ,fichier,
  ,fichier,
  ,fichier,
  ,fichier,
  ,fichier,
  ,fichier,
  ,fichier,
  ,fichier,
  ,fichier,
  ,fichier,
  ,fichier,
  ,fichier,
  ,fichier,
  ,fichier,
  ,fichier,
  ,fichier,
  ,fichier,
  ,fichier,
  ,fichier,
  ,fichier,
  ,fichier,
  ,fichier,
  ,fichier,
  ,fichier,
  ,fichier,
  ,fichier,
  ,fichier,
  ,fichier,
  ,fichier,
  ,fichier,
  ,fichier,
  ,fichier,
  ,fichier,
  ,fichier,
  ,fichier,
  ,fichier,
  ,fichier,
  ,fichier,
  ,fichier,
  ,fichier,
  ,fichier,
  ,fichier,
  ,fichier,
  ,fichier,
  ,fichier,
  ,fichier,
  ,fichier,
  ,fichier,
  ,fichier,
  ,fichier,
  ,fichier,
  ,fichier,
  ,fichier,
  ,fichier,
  ,fichier,
  ,fichier,
  ,fichier,
  ,fichier,
  ,fichier,
  ,fichier,
  ,fichier,
  ,fichier,
  ,fichier,
  ,fichier,
  ,fichier,
  ,fichier,
  ,fichier,
  ,fichier,
  ,fichier,
  ,fichier,
  ,fichier,
  ,fichier,
  ,fichier,
  ,fichier,
  ,fichier,
  ,fichier,
  ,fichier,
  ,fichier,
  ,fichier,
  ,fichier,
  ,fichier,
  ,fichier,
  ,fichier,
  ,fichier,
  ,fichier,
  ,fichier,
  ,fichier,
  ,fichier,
  ,fichier,
  ,fichier,
  ,fichier,
  ,fichier,
  ,fichier,
  ,fichier,
  ,fichier,
  ,fichier,
  ,fichier,
  ,fichier,
  ,fichier,
  ,fichier,
  ,fichier,
  ,fichier,
  ,fichier,
  ,fichier,
  ,fichier,
  ,fichier,
  ,fichier,
  ,fichier,
  ,fichier,
  ,fichier,
  ,fichier,
  ,fichier,
  ,fichier,
  ,fichier,
  ,fichier,
  ,fichier,
  ,fichier,
  ,fichier,
  ,fichier,
  ,fichier,
  ,fichier,
  ,fichier,
  ,fichier,
  ,fichier,
  ,fichier,
  ,fichier,
  ,fichier,
  ,fichier,
  ,fichier,
  ,fichier,
  ,fichier,
  ,fichier,
  ,fichier,
  ,fichier,
  ,fichier,
  ,fichier,
  ,fichier,
  ,fichier,
  ,fichier,
  ,fichier,
  ,fichier,
  ,fichier,
  ,fichier,
  ,fichier,
  ,fichier,
  ,fichier,
  ,fichier,
  ,fichier,
  ,fichier,
  ,fichier,
  ,fichier,
  ,fichier,
  ,fichier,
  ,fichier,
  ,fichier,
  ,fichier,
  ,fichier,
  ,fichier,
  ,fichier,
  ,fichier,
  ,fichier,
  ,fichier,
  ,fichier,
  ,fichier,
  ,fichier,
  ,fichier,
  ,fichier,
  ,fichier,
  ,fichier,
  ,fichier,
  ,fichier,
  ,fichier,
  ,fichier,
  ,fichier,
  ,fichier,
  ,fichier,
  ,fichier,
  ,fichier,
  ,fichier,
  ,fichier,
  ,fichier,
  ,fichier,
  ,fichier,
  ,fichier,
  ,fichier,
  ,fichier,
  ,fichier,
  ,fichier,
  ,fichier,
  ,fichier,
  ,fichier,
  ,fichier,
  ,fichier,
  ,fichier,
  ,fichier,
  ,fichier,
  ,fichier,
  ,fichier,
  ,fichier,
  ,fichier,
  ,fichier,
  ,fichier,
  ,fichier,
  ,fichier,
  ,fichier,
  ,fichier,
  ,fichier,
  ,fichier,
  ,fichier,
  ,fichier,
  ,fichier,
  ,fichier,
  ,fichier,
  ,fichier,
  ,fichier,
  ,fichier,
  ,fichier,
  ,fichier,
  ,fichier,
  ,fichier,
  ,fichier,
  ,fichier,
  ,fichier,
  ,fichier,
  ,fichier,
  ,fichier,
  ,fichier,
  ,fichier,
  ,fichier,
  ,fichier,
  ,fichier,
  ,fichier,
  ,fichier,
  ,fichier,
  ,fichier,
  ,fichier,
  ,fichier,
  ,fichier,
  ,fichier,
  ,fichier,
  ,fichier,
  ,fichier,
  ,fichier,
  ,fichier,
  ,fichier,
  ,fichier,
  ,fichier,
  ,fichier,
  ,fichier,
  ,fichier,
  ,fichier,
  ,fichier,
  ,fichier,
  ,fichier,
  ,fichier,
  ,fichier,
  ,fichier,
  ,fichier,
  ,fichier,
  ,fichier,
  ,fichier,
  ,fichier,
  ,fichier,
  ,fichier,
  ,fichier,
  ,fichier,
  ,fichier,
  ,fichier,
  ,fichier,
  ,fichier,
  ,fichier,
  ,fichier,
  ,fichier,
  ,fichier,
  ,fichier,
  ,fichier,
  ,fichier,
  ,fichier,
  ,fichier,
  ,fichier,
  ,fichier,
  ,fichier,
  ,fichier,
  ,fichier,
  ,fichier,
  ,fichier,
  ,fichier,
  ,fichier,
  ,fichier,
  ,fichier,
  ,fichier,
  ,fichier,
  ,fichier,
  ,fichier,
  ,fichier,
  ,fichier,
  ,fichier,
  ,fichier,
  ,fichier,
  ,fichier,
  ,fichier,
  ,fichier,
  ,fichier,
  ,fichier,
  ,fichier,
  ,fichier,
  ,fichier,
  ,fichier,
  ,fichier,
  ,fichier,
  ,fichier,
  ,fichier,
  ,fichier,
  ,fichier,
  ,fichier,
  ,fichier,
  ,fichier,
  ,fichier,
  ,fichier,
  ,fichier,
  ,fichier,
  ,fichier,
  ,fichier,
  ,fichier,
  ,fichier,
  ,fichier,
  ,fichier,
  ,fichier,
  ,fichier,
  ,fichier,
  ,fichier,
  ,fichier,
  ,fichier,
  ,fichier,
  ,fichier,
  ,fichier,
  ,fichier,
  ,fichier,
  ,fichier,
  ,fichier,
  ,fichier,
  ,fichier,
  ,fichier,
  ,fichier,
  ,fichier,
  ,fichier,
  ,fichier,
  ,fichier,
  ,fichier,
  ,fichier,
  ,fichier,
  ,fichier,
  ,fichier,
  ,fichier,
  ,fichier,
  ,fichier,
  ,fichier,
  ,fichier,
  ,fichier,
  ,fichier,
  ,fichier,
  ,fichier,
  ,fichier,
  ,fichier,
  ,fichier,
  ,fichier,
  ,fichier,
  ,fichier,
  ,fichier,
  ,fichier,
  ,fichier,
  ,fichier,
  ,fichier,
  ,fichier,
  ,fichier,
  ,fichier,
  ,fichier,
  ,fichier,
  ,fichier,
  ,fichier,
  ,fichier,
  ,fichier,
  ,fichier,
  ,fichier,
  ,fichier,
  ,fichier,
  ,fichier,
  ,fichier,
  ,fichier,
  ,fichier,
  ,fichier,
  ,fichier,
  ,fichier,
  ,fichier,
  ,fichier,
  ,fichier,
  ,fichier,
  ,fichier,
  ,fichier,
  ,fichier,
  ,fichier,
  ,fichier,
  ,fichier,
  ,fichier,
  ,fichier,
  ,fichier,
  ,fichier,
  ,fichier,
  ,fichier,
  ,fichier,
  ,fichier,
  ,fichier,
  ,fichier,
  ,fichier,
  ,fichier,
  ,fichier,
  ,fichier,
  ,fichier,
  ,fichier,
  ,fichier,
  ,fichier,
  ,fichier,
  ,fichier,
  ,fichier,
  ,fichier,
  ,fichier,
  ,fichier,
  ,fichier,
  ,fichier,
  ,fichier,
  ,fichier,
  ,fichier,
  ,fichier,
  ,fichier,
  ,fichier,
  ,fichier,
  ,fichier,
  ,fichier,
  ,fichier,
  ,fichier,
  ,fichier,
  ,fichier,
  ,fichier,
  ,fichier,
  ,fichier,
  ,fichier,
  ,fichier,
  ,fichier,
  ,fichier,
  ,fichier,
  ,fichier,
  ,fichier,
  ,fichier,
  ,fichier,
  ,fichier,
  ,fichier,
  ,fichier,
  ,fichier,
  ,fichier,
  ,fichier,
  ,fichier,
  ,fichier,
  ,fichier,
  ,fichier,
  ,fichier,
  ,fichier,
  ,fichier,
  ,fichier,
  ,fichier,
  ,fichier,
  ,fichier,
  ,fichier,
  ,fichier,
  ,fichier,
  ,fichier,
  ,fichier,
  ,fichier,
  ,fichier,
  ,fichier,
  ,fichier,
  ,fichier,
  ,fichier,
  ,fichier,
  ,fichier,
  ,fichier,
  ,fichier,
  ,fichier,
  ,fichier,
  ,fichier,
  ,fichier,
  ,fichier,
  ,fichier,
  ,fichier,
  ,fichier,
  ,fichier,
  ,fichier,
  ,fichier,
  ,fichier,
  ,fichier,
  ,fichier,
  ,fichier,
  ,fichier,
  ,fichier,
  ,fichier,
  ,fichier,
  ,fichier,
  ,fichier,
  ,fichier,
  ,fichier,
  ,fichier,
  ,fichier,
  ,fichier,
  ,fichier,
  ,fichier,
  ,fichier,
  ,fichier,
  ,fichier,
  ,fichier,
  ,fichier,
  ,fichier,
  ,fichier,
  ,fichier,
  ,fichier,
  ,fichier,
  ,fichier,
  ,fichier,
  ,fichier,
  ,fichier,
  ,fichier,
  ,fichier,
  ,fichier,
  ,fichier,
  ,fichier,
  ,fichier,
  ,fichier,
  ,fichier,
  ,fichier,
  ,fichier,
  ,fichier,
  ,fichier,
  ,fichier,
  ,fichier,
  ,fichier,
  ,fichier,
  ,fichier,
  ,fichier,
  ,fichier,
  ,fichier,
  ,fichier,
  ,fichier,
  ,fichier,
  ,fichier,
  ,fichier,
  ,fichier,
  ,fichier,
  ,fichier,
  ,fichier,
  ,fichier,
  ,fichier,
  ,fichier,
  ,fichier,
  ,fichier,
  ,fichier,
  ,fichier,
  ,fichier,
  ,fichier,
  ,fichier,
  ,fichier,
  ,fichier,
  ,fichier,
  ,fichier,
  ,fichier,
  ,fichier,
  ,fichier,
  ,fichier,
  ,fichier,
  ,fichier,
  ,fichier,
  ,fichier,
  ,fichier,
  ,fichier,
  ,fichier,
  ,fichier,
  ,fichier,
  ,fichier,
  ,fichier,
  ,fichier,
  ,fichier,
  ,fichier,
  ,fichier,
  ,fichier,
  ,fichier,
  ,fichier,
  ,fichier,
  ,fichier,
  ,fichier,
  ,fichier,
  ,fichier,
  ,fichier,
  ,fichier,
  ,fichier,
  ,fichier,
  ,fichier,
  ,fichier,
  ,fichier,
  ,fichier,
  ,fichier,
  ,fichier,
  ,fichier,
  ,fichier,
  ,fichier,
  ,fichier,
  ,fichier,
  ,fichier,
  ,fichier,
  ,fichier,
  ,fichier,
  ,fichier,
  ,fichier,
  ,fichier,
  ,fichier,
  ,fichier,
  ,fichier,
  ,fichier,
  ,fichier,
  ,fichier,
  ,fichier,
  ,fichier,
  ,fichier,
  ,fichier,
  ,fichier,
  ,fichier,
  ,fichier,
  ,fichier,
  ,fichier,
  ,fichier,
  ,fichier,
  ,fichier,
  ,fichier,
  ,fichier,
  ,fichier,
  ,fichier,
  ,fichier,
  ,fichier,
  ,fichier,
  ,fichier,
  ,fichier,
  ,fichier,
  ,fichier,
  ,fichier,
  ,fichier,
  ,fichier,
  ,fichier,
  ,fichier,
  ,fichier,
  ,fichier,
  ,fichier,
  ,fichier,
  ,fichier,
  ,fichier,
  ,fichier,
  ,fichier,
  ,fichier,
  ,fichier,
  ,fichier,
  ,fichier,
  ,fichier,
  ,fichier,
  ,fichier,
  ,fichier,
  ,fichier,
  ,fichier,
  ,fichier,
  ,fichier,
  ,fichier,
  ,fichier,
  ,fichier,
  ,fichier,
  ,fichier,
  ,fichier,
  ,fichier,
  ,fichier,
  ,fichier,
  ,fichier,
  ,fichier,
  ,fichier,
  ,fichier,
  ,fichier,
  ,fichier,
  ,fichier,
  ,fichier,
  ,fichier,
  ,fichier,
  ,fichier,
  ,fichier,
  ,fichier,
  ,fichier,
  ,fichier,
  ,fichier,
  ,fichier,
  ,fichier,
  ,fichier,
  ,fichier,
  ,fichier,
  ,fichier,
  ,fichier,
  ,fichier,
  ,fichier,
  ,fichier,
  ,fichier,
  ,fichier,
  ,fichier,
  ,fichier,
  ,fichier,
  ,fichier,
  ,fichier,
  ,fichier,
  ,fichier,
  ,fichier,
  ,fichier,
  ,fichier,
  ,fichier,
  ,fichier,
  ,fichier,
  ,fichier,
  ,fichier,
  ,fichier,
  ,fichier,
  ,fichier,
  ,fichier,
  ,fichier,
  ,fichier,
  ,fichier,
  ,fichier,
  ,fichier,
  ,fichier,
  ,fichier,
  ,fichier,
  ,fichier,
  ,fichier,
  ,fichier,
  ,fichier,
  ,fichier,
  ,fichier,
  ,fichier,
  ,fichier,
  ,fichier,
  ,fichier,
  ,fichier,
  ,fichier,
  ,fichier,
  ,fichier,
  ,fichier,
  ,fichier,
  ,fichier,
  ,fichier,
  ,fichier,
  ,fichier,
  ,fichier,
  ,fichier,
  ,fichier,
  ,fichier,
  ,fichier,
  ,fichier,
  ,fichier,
  ,fichier,
  ,fichier,
  ,fichier,
  ,fichier,
  ,fichier,
  ,fichier,
  ,fichier,
  ,fichier,
  ,fichier,
  ,fichier,
  ,fichier,
  ,fichier,
  ,fichier,
  ,fichier,
  ,fichier,
  ,fichier,
  ,fichier,
  ,fichier,
  ,fichier,
  ,fichier,
  ,fichier,
  ,fichier,
  ,fichier,
  ,fichier,
  ,fichier,
  ,fichier,
  ,fichier,
  ,fichier,
  ,fichier,
  ,fichier,
  ,fichier,
  ,fichier,
  ,fichier,
  ,fichier,
  ,fichier,
  ,fichier,
  ,fichier,
  ,fichier,
  ,fichier,
  ,fichier,
  ,fichier,
  ,fichier,
  ,fichier,
  ,fichier,
  ,fichier,
  ,fichier,
  ,fichier,
  ,fichier,
  ,fichier,
  ,fichier,
  ,fichier,
  ,fichier,
  ,fichier,
  ,fichier,
  ,fichier,
  ,fichier,
  ,fichier,
  ,fichier,
  ,fichier,
  ,fichier,
  ,fichier,
  ,fichier,
  ,fichier,
  ,fichier,
  ,fichier,
  ,fichier,
  ,fichier,
  ,fichier,
  ,fichier,
  ,fichier,
  ,fichier,
  ,fichier,
  ,fichier,
  ,fichier,
  ,fichier,
  ,fichier,
  ,fichier,
  ,fichier,
  ,fichier,
  ,fichier,
  ,fichier,
  ,fichier,
  ,fichier,
  ,fichier,
  ,fichier,
  ,fichier,
  ,fichier,
  ,fichier,
  ,fichier,
  ,fichier,
  ,fichier,
  ,fichier,
  ,fichier,
  ,fichier,
  ,fichier,
  ,fichier,
  ,fichier,
  ,fichier,
  ,fichier,
  ,fichier,
  ,fichier,
  ,fichier,
  ,fichier,
  ,fichier,
  ,fichier,
  ,fichier,
  ,fichier,
  ,fichier,
  ,fichier,
  ,fichier,
  ,fichier,
  ,fichier,
  ,fichier,
  ,fichier,
  ,fichier,
  ,fichier,
  ,fichier,
  ,fichier,
  ,fichier,
  ,fichier,
  ,fichier,
  ,fichier,
  ,fichier,
  ,fichier,
  ,fichier,
  ,fichier,
  ,fichier,
  ,fichier,
  ,fichier,
  ,fichier,
  ,fichier,
  ,fichier,
  ,fichier,
  ,fichier,
  ,fichier,
  ,fichier,
  ,fichier,
  ,fichier,
  ,fichier,
  ,fichier,
  ,fichier,
  ,fichier,
  ,fichier,
  ,fichier,
  ,fichier,
  ,fichier,
  ,fichier,
  ,fichier,
  ,fichier,
  ,fichier,
  ,fichier,
  ,fichier,
  ,fichier,
  ,fichier,
  ,fichier,
  ,fichier,
  ,fichier,
  ,fichier,
  ,fichier,
  ,fichier,
  ,fichier,
  ,fichier,
  ,fichier,
  ,fichier,
  ,fichier,
  ,fichier,
  ,fichier,
  ,fichier,
  ,fichier,
  ,fichier,
  ,fichier,
  ,fichier,
  ,fichier,
  ,fichier,
  ,fichier,
  ,fichier,
  ,fichier,
  ,fichier,
  ,fichier,
  ,fichier,
  ,fichier,
  ,fichier,
  ,fichier,
  ,fichier,
  ,fichier,
  ,fichier,
  ,fichier,
  ,fichier,
  ,fichier,
  ,fichier,
  ,fichier,
  ,fichier,
  ,fichier,
  ,fichier,
  ,fichier,
  ,fichier,
  ,fichier,
  ,fichier,
  ,fichier,
  ,fichier,
  ,fichier,
  ,fichier,
  ,fichier,
  ,fichier,
  ,fichier,
  ,fichier,
  ,fichier,
  ,fichier,
  ,fichier,
  ,fichier,
  ,fichier,
  ,fichier,
  ,fichier,
  ,fichier,
  ,fichier,
  ,fichier,
  ,fichier,
  ,fichier,
  ,fichier,
  ,fichier,
  ,fichier,
  ,fichier,
  ,fichier,
  ,fichier,
  ,fichier,
  ,fichier,
  ,fichier,
  ,fichier,
  ,fichier,
  ,fichier,
  ,fichier,
  ,fichier,
  ,fichier,
  ,fichier,
  ,fichier,
  ,fichier,
  ,fichier,
  ,fichier,
  ,fichier,
  ,fichier,
  ,fichier,
  ,fichier,
  ,fichier,
  ,fichier,
  ,fichier,
  ,fichier,
  ,fichier,
  ,fichier,
  ,fichier,
  ,fichier,
  ,fichier,
  ,fichier,
  ,fichier,
  ,fichier,
  ,fichier,
  ,fichier,
  ,fichier,
  ,fichier,
  ,fichier,
  ,fichier,
  ,fichier,
  ,fichier,
  ,fichier,
  ,fichier,
  ,fichier,
  ,fichier,
  ,fichier,
  ,fichier,
  ,fichier,
  ,fichier,
  ,fichier,
  ,fichier,
  ,fichier,
  ,fichier,
  ,fichier,
  ,fichier,
  ,fichier,
  ,fichier,
  ,fichier,
  ,fichier,
  ,fichier,
  ,fichier,
  ,fichier,
  ,fichier,
  ,fichier,
  ,fichier,
  ,fichier,
  ,fichier,
  ,fichier,
  ,fichier,
  ,fichier,
  ,fichier,
  ,fichier,
  ,fichier,
  ,fichier,
  ,fichier,
  ,fichier,
  ,fichier,
  ,fichier,
  ,fichier,
  ,fichier,
  ,fichier,
  ,fichier,
  ,fichier,
  ,fichier,
  ,fichier,
  ,fichier,
  ,fichier,
  ,fichier,
  ,fichier,
  ,fichier,
  ,fichier,
  ,fichier,
  ,fichier,
  ,fichier,
  ,fichier,
  ,fichier,
  ,fichier,
  ,fichier,
  ,fichier,
  ,fichier,
  ,fichier,
  ,fichier,
  ,fichier,
  ,fichier,
  ,fichier,
  ,fichier,
  ,fichier,
  ,fichier,
  ,fichier,
  ,fichier,
  ,fichier,
  ,fichier,
  ,fichier,
  ,fichier,
  ,fichier,
  ,fichier,
  ,fichier,
  ,fichier,
  ,fichier,
  ,fichier,
  ,fichier,
  ,fichier,
  ,fichier,
  ,fichier,
  ,fichier,
  ,fichier,
  ,fichier,
  ,fichier,
  ,fichier,
  ,fichier,
  ,fichier,
  ,fichier,
  ,fichier,
  ,fichier,
  ,fichier,
  ,fichier,
  ,fichier,
  ,fichier,
  ,fichier,
  ,fichier,
  ,fichier,
  ,fichier,
  ,fichier,
  ,fichier,
  ,fichier,
  ,fichier,
  ,fichier,
  ,fichier,
  ,fichier,
  ,fichier,
  ,fichier,
  ,fichier,
  ,fichier,
  ,fichier,
  ,fichier,
  ,fichier,
  ,fichier,
  ,fichier,
  ,fichier,
  ,fichier,
  ,fichier,
  ,fichier,
  ,fichier,
  ,fichier,
  ,fichier,
  ,fichier,
  ,fichier,
  ,fichier,
  ,fichier,
  ,fichier,
  ,fichier,
  ,fichier,
  ,fichier,
  ,fichier,
  ,fichier,
  ,fichier,
  ,fichier,
  ,fichier,
  ,fichier,
  ,fichier,
  ,fichier,
  ,fichier,
  ,fichier,
  ,fichier,
  ,fichier,
  ,fichier,
  ,fichier,
  ,fichier,
  ,fichier,
  ,fichier,
  ,fichier,
  ,fichier,
  ,fichier,
  ,fichier,
  ,fichier,
  ,fichier,
  ,fichier,
  ,fichier,
  ,fichier,
  ,fichier,
  ,fichier,
  ,fichier,
  ,fichier,
  ,fichier,
  ,fichier,
  ,fichier,
  ,fichier,
  ,fichier,
  ,fichier,
  ,fichier,
  ,fichier,
  ,fichier,
  ,fichier,
  ,fichier,
  ,fichier,
  ,fichier,
  ,fichier,
  ,fichier,
  ,fichier,
  ,fichier,
  ,fichier,
  ,fichier,
  ,fichier,
  ,fichier,
  ,fichier,
  ,fichier,
  ,fichier,
  ,fichier,
  ,fichier,
  ,fichier,
  ,fichier,
  ,fichier,
  ,fichier,
  ,fichier,
  ,fichier,
  ,fichier,
  ,fichier,
  ,fichier,
  ,fichier,
  ,fichier,
  ,fichier,
  ,fichier,
  ,fichier,
  ,fichier,
  ,fichier,
  ,fichier,
  ,fichier,
  ,fichier,
  ,fichier,
  ,fichier,
  ,fichier,
  ,fichier,
  ,fichier,
  ,fichier,
  ,fichier,
  ,fichier,
  ,fichier,
  ,fichier,
  ,fichier,
  ,fichier,
  ,fichier,
  ,fichier,
  ,fichier,
  ,fichier,
  ,fichier,
  ,fichier,
  ,fichier,
  ,fichier,
  ,fichier,
  ,fichier,
  ,fichier,
  ,fichier,
  ,fichier,
  ,fichier,
  ,fichier,
  ,fichier,
  ,fichier,
  ,fichier,
  ,fichier,
  ,fichier,
  ,fichier,
  ,fichier,
  ,fichier,
  ,fichier,
  ,fichier,
  ,fichier,
  ,fichier,
  ,fichier,
  ,fichier,
  ,fichier,
  ,fichier,
  ,fichier,
  ,fichier,
  ,fichier,
  ,fichier,
  ,fichier,
  ,fichier,
  ,fichier,
  ,fichier,
  ,fichier,
  ,fichier,
  ,fichier,
  ,fichier,
  ,fichier,
  ,fichier,
  ,fichier,
  ,fichier,
  ,fichier,
  ,fichier,
  ,fichier,
  ,fichier,
  ,fichier,
  ,fichier,
  ,fichier,
  ,fichier,
  ,fichier,
  ,fichier,
  ,fichier,
  ,fichier,
  ,fichier,
  ,fichier,
  ,fichier,
  ,fichier,
  ,fichier,
  ,fichier,
  ,fichier,
  ,fichier,
  ,fichier,
  ,fichier,
  ,fichier,
  ,fichier,
  ,fichier,
  ,fichier,
  ,fichier,
  ,fichier,
  ,fichier,
  ,fichier,
  ,fichier,
  ,fichier,
  ,fichier,
  ,fichier,
  ,fichier,
  ,fichier,
  ,fichier,
  ,fichier,
  ,fichier,
  ,fichier,
  ,fichier,
  ,fichier,
  ,fichier,
  ,fichier,
  ,fichier,
  ,fichier,
  ,fichier,
  ,fichier,
  ,fichier,
  ,fichier,
  ,fichier,
  ,fichier,
  ,fichier,
  ,fichier,
  ,fichier,
  ,fichier,
  ,fichier,
  ,fichier,
  ,fichier,
  ,fichier,
  ,fichier,
  ,fichier,
  ,fichier,
  ,fichier,
  ,fichier,
  ,fichier,
  ,fichier,
  ,fichier,
  ,fichier,
  ,fichier,
  ,fichier,
  ,fichier,
  ,fichier,
  ,fichier,
  ,fichier,
  ,fichier,
  ,fichier,
  ,fichier,
  ,fichier,
  ,fichier,
  ,fichier,
  ,fichier,
  ,fichier,
  ,fichier,
  ,fichier,
  ,fichier,
  ,fichier,
  ,fichier,
  ,fichier,
  ,fichier,
  ,fichier,
  ,fichier,
  ,fichier,
  ,fichier,
  ,fichier,
  ,fichier,
  ,fichier,
  ,fichier,
  ,fichier,
  ,fichier,
  ,fichier,
  ,fichier,
  ,fichier,
  ,fichier,
  ,fichier,
  ,fichier,
  ,fichier,
  ,fichier,
  ,fichier,
  ,fichier,
  ,fichier,
  ,fichier,
  ,fichier,
  ,fichier,
  ,fichier,
  ,fichier,
  ,fichier,
  ,fichier,
  ,fichier,
  ,fichier,
  ,fichier,
  ,fichier,
  ,fichier,
  ,fichier,
  ,fichier,
  ,fichier,
  ,fichier,
  ,fichier,
  ,fichier,
  ,fichier,
  ,fichier,
  ,fichier,
  ,fichier,
  ,fichier,
  ,fichier,
  ,fichier,
  ,fichier,
  ,fichier,
  ,fichier,
  ,fichier,
  ,fichier,
  ,fichier,
  ,fichier,
  ,fichier,
  ,fichier,
  ,fichier,
  ,fichier,
  ,fichier,
  ,fichier,
  ,fichier,
  ,fichier,
  ,fichier,
  ,fichier,
  ,fichier,
  ,fichier,
  ,fichier,
  ,fichier,
  ,fichier,
  ,fichier,
  ,fichier,
  ,fichier,
  ,fichier,
  ,fichier,
  ,fichier,
  ,fichier,
  ,fichier,
  ,fichier,
  ,fichier,
  ,fichier,
  ,fichier,
  ,fichier,
  ,fichier,
  ,fichier,
  ,fichier,
  ,fichier,
  ,fichier,
  ,fichier,
  ,fichier,
  ,fichier,
  ,fichier,
  ,fichier,
  ,fichier,
  ,fichier,
  ,fichier,
  ,fichier,
  ,fichier,
  ,fichier,
  ,fichier,
  ,fichier,
  ,fichier,
  ,fichier,
  ,fichier,
  ,fichier,
  ,fichier,
  ,fichier,
  ,fichier,
  ,fichier,
  ,fichier,
  ,fichier,
  ,fichier,
  ,fichier,
  ,fichier,
  ,fichier,
  ,fichier,
  ,fichier,
  ,fichier,
  ,fichier,
  ,fichier,
  ,fichier,
  ,fichier,
  ,fichier,
  ,fichier,
  ,fichier,
  ,fichier,
  ,fichier,
  ,fichier,
  ,fichier,
  ,fichier,
  ,fichier,
  ,fichier,
  ,fichier,
  ,fichier,
  ,fichier,
  ,fichier,
  ,fichier,
  ,fichier,
  ,fichier,
  ,fichier,
  ,fichier,
  ,fichier,
  ,fichier,
  ,fichier,
  ,fichier,
  ,fichier,
  ,fichier,
  ,fichier,
  ,fichier,
  ,fichier,
  ,fichier,
  ,fichier,
  ,fichier,
  ,fichier,
  ,fichier,
  ,fichier,
  ,fichier,
  ,fichier,
  ,fichier,
  ,fichier,
  ,fichier,
  ,fichier,
  ,fichier,
  ,fichier,
  ,fichier,
  ,fichier,
  ,fichier,
  ,fichier,
  ,fichier,
  ,fichier,
  ,fichier,
  ,fichier,
  ,fichier,
  ,fichier,
  ,fichier,
  ,fichier,
  ,fichier,
  ,fichier,
  ,fichier,
  ,fichier,
  ,fichier,
  ,fichier,
  ,fichier,
  ,fichier,
  ,fichier,
  ,fichier,
  ,fichier,
  ,fichier,
  ,fichier,
  ,fichier,
  ,fichier,
  ,fichier,
  ,fichier,
  ,fichier,
  ,fichier,
  ,fichier,
  ,fichier,
  ,fichier,
  ,fichier,
  ,fichier,
  ,fichier,
  ,fichier,
  ,fichier,
  ,fichier,
  ,fichier,
  ,fichier,
  ,fichier,
  ,fichier,
  ,fichier,
  ,fichier,
  ,fichier,
  ,fichier,
  ,fichier,
  ,fichier,
  ,fichier,
  ,fichier,
  ,fichier,
  ,fichier,
  ,fichier,
  ,fichier,
  ,fichier,
  ,fichier,
  ,fichier,
  ,fichier,
  ,fichier,
  ,fichier,
  ,fichier,
  ,fichier,
  ,fichier,
  ,fichier,
  ,fichier,
  ,fichier,
  ,fichier,
  ,fichier,
  ,fichier,
  ,fichier,
  ,fichier,
  ,fichier,
  ,fichier,
  ,fichier,
  ,fichier,
  ,fichier,
  ,fichier,
  ,fichier,
  ,fichier,
  ,fichier,
  ,fichier,
  ,fichier,
  ,fichier,
  ,fichier,
  ,fichier,
  ,fichier,
  ,fichier,
  ,fichier,
  ,fichier,
  ,fichier,
  ,fichier,
  ,fichier,
  ,fichier,
  ,fichier,
  ,fichier,
  ,fichier,
  ,fichier,
  ,fichier,
  ,fichier,
  ,fichier,
  ,fichier,
  ,fichier,
  ,fichier,
  ,fichier,
  ,fichier,
  ,fichier,
  ,fichier,
  ,fichier,
  ,fichier,
  ,fichier,
  ,fichier,
  ,fichier,
  ,fichier,
  ,fichier,
  ,fichier,
  ,fichier,
  ,fichier,
  ,fichier,
  ,fichier,
  ,fichier,
  ,fichier,
  ,fichier,
  ,fichier,
  ,fichier,
  ,fichier,
  ,fichier,
  ,fichier,
  ,fichier,
  ,fichier,
  ,fichier,
  ,fichier,
  ,fichier,
  ,fichier,
  ,fichier,
  ,fichier,
  ,fichier,
  ,fichier,
  ,fichier,
  ,fichier,
  ,fichier,
  ,fichier,
  ,fichier,
  ,fichier,
  ,fichier,
  ,fichier,
  ,fichier,
  ,fichier,
  ,fichier,
  ,fichier,
  ,fichier,
  ,fichier,
  ,fichier,
  ,fichier,
  ,fichier,
  ,fichier,
  ,fichier,
  ,fichier,
  ,fichier,
  ,fichier,
  ,fichier,
  ,fichier,
  ,fichier,
  ,fichier,
  ,fichier,
  ,fichier,
  ,fichier,
  ,fichier,
  ,fichier,
  ,fichier,
  ,fichier,
  ,fichier,
  ,fichier,
  ,fichier,
  ,fichier,
  ,fichier,
  ,fichier,
  ,fichier,
  ,fichier,
  ,fichier,
  ,fichier,
  ,fichier,
  ,fichier,
  ,fichier,
  ,fichier,
  ,fichier,
  ,fichier,
  ,fichier,
  ,fichier,
  ,fichier,
  ,fichier,
  ,fichier,
  ,fichier,
  ,fichier,
  ,fichier,
  ,fichier,
  ,fichier,
  ,fichier,
  ,fichier,
  ,fichier,
  ,fichier,
  ,fichier,
  ,fichier,
  ,fichier,
  ,fichier,
  ,fichier,
  ,fichier,
  ,fichier,
  ,fichier,
  ,fichier,
  ,fichier,
  ,fichier,
  ,fichier,
  ,fichier,
  ,fichier,
  ,fichier,
  ,fichier,
  ,fichier,
  ,fichier,
  ,fichier,
  ,fichier,
  ,fichier,
  ,fichier,
  ,fichier,
  ,fichier,
  ,fichier,
  ,fichier,
  ,fichier,
  ,fichier,
  ,fichier,
  ,fichier,
  ,fichier,
  ,fichier,
  ,fichier,
  ,fichier,
  ,fichier,
  ,fichier,
  ,fichier,
  ,fichier,
  ,fichier,
  ,fichier,
  ,fichier,
  ,fichier,
  ,fichier,
  ,fichier,
  ,fichier,
  ,fichier,
  ,fichier,
  ,fichier,
  ,fichier,
  ,fichier,
  ,fichier,
  ,fichier,
  ,fichier,
  ,fichier,
  ,fichier,
  ,fichier,
  ,fichier,
  ,fichier,
  ,fichier,
  ,fichier,
  ,fichier,
  ,fichier,
  ,fichier,
  ,fichier,
  ,fichier,
  ,fichier,
  ,fichier,
  ,fichier,
  ,fichier,
  ,fichier,
  ,fichier,
  ,fichier,
  ,fichier,
  ,fichier,
  ,fichier,
  ,fichier,
  ,fichier,
  ,fichier,
  ,fichier,
  ,fichier,
  ,fichier,
  ,fichier,
  ,fichier,
  ,fichier,
  ,fichier,
  ,fichier,
  ,fichier,
  ,fichier,
  ,fichier,
  ,fichier,
  ,fichier,
  ,fichier,
  ,fichier,
  ,fichier,
  ,fichier,
  ,fichier,
  ,fichier,
  ,fichier,
  ,fichier,
  ,fichier,
  ,fichier,
  ,fichier,
  ,fichier,
  ,fichier,
  ,fichier,
  ,fichier,
  ,fichier,
  ,fichier,
  ,fichier,
  ,fichier,
  ,fichier,
  ,fichier,
  ,fichier,
  ,fichier,
  ,fichier,
  ,fichier,
  ,fichier,
  ,fichier,
  ,fichier,
  ,fichier,
  ,fichier,
  ,fichier,
  ,fichier,
  ,fichier,
  ,fichier,
  ,fichier,
  ,fichier,
  ,fichier,
  ,fichier,
  ,fichier,
  ,fichier,
  ,fichier,
  ,fichier,
  ,fichier,
  ,fichier,
  ,fichier,
  ,fichier,
  ,fichier,
  ,fichier,
  ,fichier,
  ,fichier,
  ,fichier,
  ,fichier,
  ,fichier,
  ,fichier,
  ,fichier,
  ,fichier,
  ,fichier,
  ,fichier,
  ,fichier,
  ,fichier,
  ,fichier,
  ,fichier,
  ,fichier,
  ,fichier,
  ,fichier,
  ,fichier,
  ,fichier,
  ,fichier,
  ,fichier,
  ,fichier,
  ,fichier,
  ,fichier,
  ,fichier,
  ,fichier,
  ,fichier,
  ,fichier,
  ,fichier,
  ,fichier,
  ,fichier,
  ,fichier,
  ,fichier,
  ,fichier,
  ,fichier,
  ,fichier,
  ,fichier,
  ,fichier,
  ,fichier,
  ,fichier,
  ,fichier,
  ,fichier,
  ,fichier,
  ,fichier,
  ,fichier,
  ,fichier,
  ,fichier,
  ,fichier,
  ,fichier,
  ,fichier,
  ,fichier,
  ,fichier,
  ,fichier,
  ,fichier,
  ,fichier,
  ,fichier,
  ,fichier,
  ,fichier,
  ,fichier,
  ,fichier,
  ,fichier,
  ,fichier,
  ,fichier,
  ,fichier,
  ,fichier,
  ,fichier,
  ,fichier,
  ,fichier,
  ,fichier,
  ,fichier,
  ,fichier,
  ,fichier,
  ,fichier,
  ,fichier,
  ,fichier,
  ,fichier,
  ,fichier,
  ,fichier,
  ,fichier,
  ,fichier,
  ,fichier,
  ,fichier,
  ,fichier,
  ,fichier,
  ,fichier,
  ,fichier,
  ,fichier,
  ,fichier,
  ,fichier,
  ,fichier,
  ,fichier,
  ,fichier,
  ,fichier,
  ,fichier,
  ,fichier,
  ,fichier,
  ,fichier,
  ,fichier,
  ,fichier,
  ,fichier,
  ,fichier,
  ,fichier,
  ,fichier,
  ,fichier,
  ,fichier,
  ,fichier,
  ,fichier,
  ,fichier,
  ,fichier,
  ,fichier,
  ,fichier,
  ,fichier,
  ,fichier,
  ,fichier,
  ,fichier,
  ,fichier,
  ,fichier,
  ,fichier,
  ,fichier,
  ,fichier,
  ,fichier,
  ,fichier,
  ,fichier,
  ,fichier,
  ,fichier,
  ,fichier,
  ,fichier,
  ,fichier,
  ,fichier,
  ,fichier,
  ,fichier,
  ,fichier,
  ,fichier,
  ,fichier,
  ,fichier,
  ,fichier,
  ,fichier,
  ,fichier,
  ,fichier,
  ,fichier,
  ,fichier,
  ,fichier,
  ,fichier,
  ,fichier,
  ,fichier,
  ,fichier,
  ,fichier,
  ,fichier,
  ,fichier,
  ,fichier,
  ,fichier,
  ,fichier,
  ,fichier,
  ,fichier,
  ,fichier,
  ,fichier,
  ,fichier,
  ,fichier,
  ,fichier,
  ,fichier,
  ,fichier,
  ,fichier,
  ,fichier,
  ,fichier,
  ,fichier,
  ,fichier,
  ,fichier,
  ,fichier,
  ,fichier,
  ,fichier,
  ,fichier,
  ,fichier,
  ,fichier,
  ,fichier,
  ,fichier,
  ,fichier,
  ,fichier,
  ,fichier,
  ,fichier,
  ,fichier,
  ,fichier,
  ,fichier,
  ,fichier,
  ,fichier,
  ,fichier,
  ,fichier,
  ,fichier,
  ,fichier,
  ,fichier,
  ,fichier,
  ,fichier,
  ,fichier,
  ,fichier,
  ,fichier,
  ,fichier,
  ,fichier,
  ,fichier,
  ,fichier,
  ,fichier,
  ,fichier,
  ,fichier,
  ,fichier,
  ,fichier,
  ,fichier,
  ,fichier,
  ,fichier,
  ,fichier,
  ,fichier,
  ,fichier,
  ,fichier,
  ,fichier,
  ,fichier,
  ,fichier,
  ,fichier,
  ,fichier,
  ,fichier,
  ,fichier,
  ,fichier,
  ,fichier,
  ,fichier,
  ,fichier,
  ,fichier,
  ,fichier,
  ,fichier,
  ,fichier,
  ,fichier,
  ,fichier,
  ,fichier,
  ,fichier,
  ,fichier,
  ,fichier,
  ,fichier,
  ,fichier,
  ,fichier,
  ,fichier,
  ,fichier,
  ,fichier,
  ,fichier,
  ,fichier,
  ,fichier,
  ,fichier,
  ,fichier,
  ,fichier,
  ,fichier,
  ,fichier,
  ,fichier,
  ,fichier,
  ,fichier,
  ,fichier,
  ,fichier,
  ,fichier,
  ,fichier,
  ,fichier,
  ,fichier,
  ,fichier,
  ,fichier,
  ,fichier,
  ,fichier,
  ,fichier,
  ,fichier,
  ,fichier,
  ,fichier,
  ,fichier,
  ,fichier,
  ,fichier,
  ,fichier,
  ,fichier,
  ,fichier,
  ,fichier,
  ,fichier,
  ,fichier,
  ,fichier,
  ,fichier,
  ,fichier,
  ,fichier,
  ,fichier,
  ,fichier,
  ,fichier,
  ,fichier,
  ,fichier,
  ,fichier,
  ,fichier,
  ,fichier,
  ,fichier,
  ,fichier,
  ,fichier,
  ,fichier,
  ,fichier,
  ,fichier,
  ,fichier,
  ,fichier,
  ,fichier,
  ,fichier,
  ,fichier,
  ,fichier,
  ,fichier,
  ,fichier,
  ,fichier,
  ,fichier,
  ,fichier,
  ,fichier,
  ,fichier,
  ,fichier,
  ,fichier,
  ,fichier,
  ,fichier,
  ,fichier,
  ,fichier,
  ,fichier,
  ,fichier,
  ,fichier,
  ,fichier,
  ,fichier,
  ,fichier,
  ,fichier,
  ,fichier,
  ,fichier,
  ,fichier,
  ,fichier,
  ,fichier,
  ,fichier,
  ,fichier,
  ,fichier,
  ,fichier,
  ,fichier,
  ,fichier,
  ,fichier,
  ,fichier,
  ,fichier,
  ,fichier,
  ,fichier,
  ,fichier,
  ,fichier,
  ,fichier,
  ,fichier,
  ,fichier,
  ,fichier,
  ,fichier,
  ,fichier,
  ,fichier,
  ,fichier,
  ,fichier,
  ,fichier,
  ,fichier,
  ,fichier,
  ,fichier,
  ,fichier,
  ,fichier,
  ,fichier,
  ,fichier,
  ,fichier,
  ,fichier,
  ,fichier,
  ,fichier,
  ,fichier,
  ,fichier,
  ,fichier,
  ,fichier,
  ,fichier,
  ,fichier,
  ,fichier,
  ,fichier,
  ,fichier,
  ,fichier,
  ,fichier,
  ,fichier,
  ,fichier,
  ,fichier,
  ,fichier,
  ,fichier,
  ,fichier,
  ,fichier,
  ,fichier,
  ,fichier,
  ,fichier,
  ,fichier,
  ,fichier,
  ,fichier,
  ,fichier,
  ,fichier,
  ,fichier,
  ,fichier,
  ,fichier,
  ,fichier,
  ,fichier,
  ,fichier,
  ,fichier,
  ,fichier,
  ,fichier,
  ,fichier,
  ,fichier,
  ,fichier,
  ,fichier,
  ,fichier,
  ,fichier,
  ,fichier,
  ,fichier,
  ,fichier,
  ,fichier,
  ,fichier,
  ,fichier,
  ,fichier,
  ,fichier,
  ,fichier,
  ,fichier,
  ,fichier,
  ,fichier,
  ,fichier,
  ,fichier,
  ,fichier,
  ,fichier,
  ,fichier,
  ,fichier,
  ,fichier,
  ,fichier,
  ,fichier,
  ,fichier,
  ,fichier,
  ,fichier,
  ,fichier,
  ,fichier,
  ,fichier,
  ,fichier,
  ,fichier,
  ,fichier,
  ,fichier,
  ,fichier,
  ,fichier,
  ,fichier,
  ,fichier,
  ,fichier,
  ,fichier,
  ,fichier,
  ,fichier,
  ,fichier,
  ,fichier,
  ,fichier,
  ,fichier,
  ,fichier,
  ,fichier,
  ,fichier,
  ,fichier,
  ,fichier,
  ,fichier,
  ,fichier,
  ,fichier,
  ,fichier,
  ,fichier,
  ,fichier,
  ,fichier,
  ,fichier,
  ,fichier,
  ,fichier,
  ,fichier,
  ,fichier,
  ,fichier,
  ,fichier,
  ,fichier,
  ,fichier,
  ,fichier,
  ,fichier,
  ,fichier,
  ,fichier,
  ,fichier,
  ,fichier,
  ,fichier,
  ,fichier,
  ,fichier,
  ,fichier,
  ,fichier,
  ,fichier,
  ,fichier,
  ,fichier,
  ,fichier,
  ,fichier,
  ,fichier,
  ,fichier,
  ,fichier,
  ,fichier,
  ,fichier,
  ,fichier,
  ,fichier,
  ,fichier,
  ,fichier,
  ,fichier,
  ,fichier,
  ,fichier,
  ,fichier,
  ,fichier,
  ,fichier,
  ,fichier,
  ,fichier,
  ,fichier,
  ,fichier,
  ,fichier,
  ,fichier,
  ,fichier,
  ,fichier,
  ,fichier,
  ,fichier,
  ,fichier,
  ,fichier,
  ,fichier,
  ,fichier,
  ,fichier,
  ,fichier,
  ,fichier,
  ,fichier,
  ,fichier,
  ,fichier,
  ,fichier,
  ,fichier,
  ,fichier,
  ,fichier,
  ,fichier,
  ,fichier,
  ,fichier,
  ,fichier,
  ,fichier,
  ,fichier,
  ,fichier,
  ,fichier,
  ,fichier,
  ,fichier,
  ,fichier,
  ,fichier,
  ,fichier,
  ,fichier,
  ,fichier,
  ,fichier,
  ,fichier,
  ,fichier,
  ,fichier,
  ,fichier,
  ,fichier,
  ,fichier,
  ,fichier,
  ,fichier,
  ,fichier,
  ,fichier,
  ,fichier,
  ,fichier,
  ,fichier,
  ,fichier,
  ,fichier,
  ,fichier,
  ,fichier,
  ,fichier,
  ,fichier,
  ,fichier,
  ,fichier,
  ,fichier,
  ,fichier,
  ,fichier,
  ,fichier,
  ,fichier,
  ,fichier,
  ,fichier,
  ,fichier,
  ,fichier,
  ,fichier,
  ,fichier,
  ,fichier,
  ,fichier,
  ,fichier,
  ,fichier,
  ,fichier,
  ,fichier,
  ,fichier,
  ,fichier,
  ,fichier,
  ,fichier,
  ,fichier,
  ,fichier,
  ,fichier,
  ,fichier,
  ,fichier,
  ,fichier,
  ,fichier,
  ,fichier,
  ,fichier,
  ,fichier,
  ,fichier,
  ,fichier,
  ,fichier,
  ,fichier,
  ,fichier,
  ,fichier,
  ,fichier,
  ,fichier,
  ,fichier,
  ,fichier,
  ,fichier,
  ,fichier,
  ,fichier,
  ,fichier,
  ,fichier,
  ,fichier,
  ,fichier,
  ,fichier,
  ,fichier,
  ,fichier,
  ,fichier,
  ,fichier,
  ,fichier,
  ,fichier,
  ,fichier,
  ,fichier,
  ,fichier,
  ,fichier,
  ,fichier,
  ,fichier,
  ,fichier,
  ,fichier,
  ,fichier,
  ,fichier,
  ,fichier,
  ,fichier,
  ,fichier,
  ,fichier,
  ,fichier,
  ,fichier,
  ,fichier,
  ,fichier,
  ,fichier,
  ,fichier,
  ,fichier,
  ,fichier,
  ,fichier,
  ,fichier,
  ,fichier,
  ,fichier,
  ,fichier,
  ,fichier,
  ,fichier,
  ,fichier,
  ,fichier,
  ,fichier,
  ,fichier,
  ,fichier,
  ,fichier,
  ,fichier,
  ,fichier,
  ,fichier,
  ,fichier,
  ,fichier,
  ,fichier,
  ,fichier,
  ,fichier,
  ,fichier,
  ,fichier,
  ,fichier,
  ,fichier,
  ,fichier,
  ,fichier,
  ,fichier,
  ,fichier,
  ,fichier,
  ,fichier,
  ,fichier,
  ,fichier,
  ,fichier,
  ,fichier,
  ,fichier,
  ,fichier,
  ,fichier,
  ,fichier,
  ,fichier,
  ,fichier,
  ,fichier,
  ,fichier,
  ,fichier,
  ,fichier,
  ,fichier,
  ,fichier,
  ,fichier,
  ,fichier,
  ,fichier,
  ,fichier,
  ,fichier,
  ,fichier,
  ,fichier,
  ,fichier,
  ,fichier,
  ,fichier,
  ,fichier,
  ,fichier,
  ,fichier,
  ,fichier,
  ,fichier,
  ,fichier,
  ,fichier,
  ,fichier,
  ,fichier,
  ,fichier,
  ,fichier,
  ,fichier,
  ,fichier,
  ,fichier,
  ,fichier,
  ,fichier,
  ,fichier,
  ,fichier,
  ,fichier,
  ,fichier,
  ,fichier,
  ,fichier,
  ,fichier,
  ,fichier,
  ,fichier,
  ,fichier,
  ,fichier,
  ,fichier,
  ,fichier,
  ,fichier,
  ,fichier,
  ,fichier,
  ,fichier,
  ,fichier,
  ,fichier,
  ,fichier,
  ,fichier,
  ,fichier,
  ,fichier,
  ,fichier,
  ,fichier,
  ,fichier,
  ,fichier,
  ,fichier,
  ,fichier,
  ,fichier,
  ,fichier,
  ,fichier,
  ,fichier,
  ,fichier,
  ,fichier,
  ,fichier,
  ,fichier,
  ,fichier,
  ,fichier,
  ,fichier,
  ,fichier,
  ,fichier,
  ,fichier,
  ,fichier,
  ,fichier,
  ,fichier,
  ,fichier,
  ,fichier,
  ,fichier,
  ,fichier,
  ,fichier,
  ,fichier,
  ,fichier,
  ,fichier,
  ,fichier,
  ,fichier,
  ,fichier,
  ,fichier,
  ,fichier,
  ,fichier,
  ,fichier,
  ,fichier,
  ,fichier,
  ,fichier,
  ,fichier,
  ,fichier,
  ,fichier,
  ,fichier,
  ,fichier,
  ,fichier,
  ,fichier,
  ,fichier,
  ,fichier,
  ,fichier,
  ,fichier,
  ,fichier,
  ,fichier,
  ,fichier,
  ,fichier,
  ,fichier,
  ,fichier,
  ,fichier,
  ,fichier,
  ,fichier,
  ,fichier,
  ,fichier,
  ,fichier,
  ,fichier,
  ,fichier,
  ,fichier,
  ,fichier,
  ,fichier,
  ,fichier,
  ,fichier,
  ,fichier,
  ,fichier,
  ,fichier,
  ,fichier,
  ,fichier,
  ,fichier,
  ,fichier,
  ,fichier,
  ,fichier,
  ,fichier,
  ,fichier,
  ,fichier,
  ,fichier,
  ,fichier,
  ,fichier,
  ,fichier,
  ,fichier,
  ,fichier,
  ,fichier,
  ,fichier,
  ,fichier,
  ,fichier,
  ,fichier,
  ,fichier,
  ,fichier,
  ,fichier,
  ,fichier,
  ,fichier,
  ,fichier,
  ,fichier,
  ,fichier,
  ,fichier,
  ,fichier,
  ,fichier,
  ,fichier,
  ,fichier,
  ,fichier,
  ,fichier,
  ,fichier,
  ,fichier,
  ,fichier,
  ,fichier,
  ,fichier,
  ,fichier,
  ,fichier,
  ,fichier,
  ,fichier,
  ,fichier,
  ,fichier,
  ,fichier,
  ,fichier,
  ,fichier,
  ,fichier,
  ,fichier,
  ,fichier,
  ,fichier,
  ,fichier,
  ,fichier,
  ,fichier,
  ,fichier,
  ,fichier,
  ,fichier,
  ,fichier,
  ,fichier,
  ,fichier,
  ,fichier,
  ,fichier,
  ,fichier,
  ,fichier,
  ,fichier,
  ,fichier,
  ,fichier,
  ,fichier,
  ,fichier,
  ,fichier,
  ,fichier,
  ,fichier,
  ,fichier,
  ,fichier,
  ,fichier,
  ,fichier,
  ,fichier,
  ,fichier,
  ,fichier,
  ,fichier,
  ,fichier,
  ,fichier,
  ,fichier,
  ,fichier,
  ,fichier,
  ,fichier,
  ,fichier,
  ,fichier,
  ,fichier,
  ,fichier,
  ,fichier,
  ,fichier,
  ,fichier,
  ,fichier,
  ,fichier,
  ,fichier,
  ,fichier,
  ,fichier,
  ,fichier,
  ,fichier,
  ,fichier,
  ,fichier,
  ,fichier,
  ,fichier,
  ,fichier,
  ,fichier,
  ,fichier,
  ,fichier,
  ,fichier,
  ,fichier,
  ,fichier,
  ,fichier,
  ,fichier,
  ,fichier,
  ,fichier,
  ,fichier,
  ,fichier,
  ,fichier,
  ,fichier,
  ,fichier,
  ,fichier,
  ,fichier,
  ,fichier,
  ,fichier,
  ,fichier,
  ,fichier,
  ,fichier,
  ,fichier,
  ,fichier,
  ,fichier,
  ,fichier,
  ,fichier,
  ,fichier,
  ,fichier,
  ,fichier,
  ,fichier,
  ,fichier,
  ,fichier,
  ,fichier,
  ,fichier,
  ,fichier,
  ,fichier,
  ,fichier,
  ,fichier,
  ,fichier,
  ,fichier,
  ,fichier,
  ,fichier,
  ,fichier,
  ,fichier,
  ,fichier,
  ,fichier,
  ,fichier,
  ,fichier,
  ,fichier,
  ,fichier,
  ,fichier,
  ,fichier,
  ,fichier,
  ,fichier,
  ,fichier,
  ,fichier,
  ,fichier,
  ,fichier,
  ,fichier,
  ,fichier,
  ,fichier,
  ,fichier,
  ,fichier,
  ,fichier,
  ,fichier,
  ,fichier,
  ,fichier,
  ,fichier,
  ,fichier,
  ,fichier,
  ,fichier,
  ,fichier,
  ,fichier,
  ,fichier,
  ,fichier,
  ,fichier,
  ,fichier,
  ,fichier,
  ,fichier,
  ,fichier,
  ,fichier,
  ,fichier,
  ,fichier,
  ,fichier,
  ,fichier,
  ,fichier,
  ,fichier,
  ,fichier,
  ,fichier,
  ,fichier,
  ,fichier,
  ,fichier,
  ,fichier,
  ,fichier,
  ,fichier,
  ,fichier,
  ,fichier,
  ,fichier,
  ,fichier,
  ,fichier,
  ,fichier,
  ,fichier,
  ,fichier,
  ,fichier,
  ,fichier,
  ,fichier,
  ,fichier,
  ,fichier,
  ,fichier,
  ,fichier,
  ,fichier,
  ,fichier,
  ,fichier,
  ,fichier,
  ,fichier,
  ,fichier,
  ,fichier,
  ,fichier,
  ,fichier,
  ,fichier,
  ,fichier,
  ,fichier,
  ,fichier,
  ,fichier,
  ,fichier,
  ,fichier,
  ,fichier,
  ,fichier,
  ,fichier,
  ,fichier,
  ,fichier,
  ,fichier,
  ,fichier,
  ,fichier,
  ,fichier,
  ,fichier,
  ,fichier,
  ,fichier,
  ,fichier,
  ,fichier,
  ,fichier,
  ,fichier,
  ,fichier,
  ,fichier,
  ,fichier,
  ,fichier,
  ,fichier,
  ,fichier,
  ,fichier,
  ,fichier,
  ,fichier,
  ,fichier,
  ,fichier,
  ,fichier,
  ,fichier,
  ,fichier,
  ,fichier,
  ,fichier,
  ,fichier,
  ,fichier,
  ,fichier,
  ,fichier,
  ,fichier,
  ,fichier,
  ,fichier,
  ,fichier,
  ,fichier,
  ,fichier,
  ,fichier,
  ,fichier,
  ,fichier,
  ,fichier,
  ,fichier,
  ,fichier,
  ,fichier,
  ,fichier,
  ,fichier,
  ,fichier,
  ,fichier,
  ,fichier,
  ,fichier,
  ,fichier,
  ,fichier,
  ,fichier,
  ,fichier,
  ,fichier,
  ,fichier,
  ,fichier,
  ,fichier,
  ,fichier,
  ,fichier,
  ,fichier,
  ,fichier,
  ,fichier,
  ,fichier,
  ,fichier,
  ,fichier,
  ,fichier,
  ,fichier,
  ,fichier,
  ,fichier,
  ,fichier,
  ,fichier,
  ,fichier,
  ,fichier,
  ,fichier,
  ,fichier,
  ,fichier,
  ,fichier,
  ,fichier,
  ,fichier,
  ,fichier,
  ,fichier,
  ,fichier,
  ,fichier,
  ,fichier,
  ,fichier,
  ,fichier,
  ,fichier,
  ,fichier,
  ,fichier,
  ,fichier,
  ,fichier,
  ,fichier,
  ,fichier,
  ,fichier,
  ,fichier,
  ,fichier,
  ,fichier,
  ,fichier,
  ,fichier,
  ,fichier,
  ,fichier,
  ,fichier,
  ,fichier,
  ,fichier,
  ,fichier,
  ,fichier,
  ,fichier,
  ,fichier,
  ,fichier,
  ,fichier,
  ,fichier,
  ,fichier,
  ,fichier,
  ,fichier,
  ,fichier,
  ,fichier,
  ,fichier,
  ,fichier,
  ,fichier,
  ,fichier,
  ,fichier,
  ,fichier,
  ,fichier,
  ,fichier,
  ,fichier,
  ,fichier,
  ,fichier,
  ,fichier,
  ,fichier,
  ,fichier,
  ,fichier,
  ,fichier,
  ,fichier,
  ,fichier,
  ,fichier,
  ,fichier,
  ,fichier,
  ,fichier,
  ,fichier,
  ,fichier,
  ,fichier,
  ,fichier,
  ,fichier,
  ,fichier,
  ,fichier,
  ,fichier,
  ,fichier,
  ,fichier,
  ,fichier,
  ,fichier,
  ,fichier,
  ,fichier,
  ,fichier,
  ,fichier,
  ,fichier,
  ,fichier,
  ,fichier,
  ,fichier,
  ,fichier,
  ,fichier,
  ,fichier,
  ,fichier,
  ,fichier,
  ,fichier,
  ,fichier,
  ,fichier,
  ,fichier,
  ,fichier,
  ,fichier,
  ,fichier,
  ,fichier,
  ,fichier,
  ,fichier,
  ,fichier,
  ,fichier,
  ,fichier,
  ,fichier,
  ,fichier,
  ,fichier,
  ,fichier,
  ,fichier,
  ,fichier,
  ,fichier,
  ,fichier,
  ,fichier,
  ,fichier,
  ,fichier,
  ,fichier,
  ,fichier,
  ,fichier,
  ,fichier,
  ,fichier,
  ,fichier,
  ,fichier,
  ,fichier,
  ,fichier,
  ,fichier,
  ,fichier,
  ,fichier,
  ,fichier,
  ,fichier,
  ,fichier,
  ,fichier,
  ,fichier,
  ,fichier,
  ,fichier,
  ,fichier,
  ,fichier,
  ,fichier,
  ,fichier,
  ,fichier,
  ,fichier,
  ,fichier,
  ,fichier,
  ,fichier,
  ,fichier,
  ,fichier,
  ,fichier,
  ,fichier,
  ,fichier,
  ,fichier,
  ,fichier,
  ,fichier,
  ,fichier,
  ,fichier,
  ,fichier,
  ,fichier,
  ,fichier,
  ,fichier,
  ,fichier,
  ,fichier,
  ,fichier,
  ,fichier,
  ,fichier,
  ,fichier,
  ,fichier,
  ,fichier,
  ,fichier,
  ,fichier,
  ,fichier,
  ,fichier,
  ,fichier,
  ,fichier,
  ,fichier,
  ,fichier,
  ,fichier,
  ,fichier,
  ,fichier,
  ,fichier,
  ,fichier,
  ,fichier,
  ,fichier,
  ,fichier,
  ,fichier,
  ,fichier,
  ,fichier,
  ,fichier,
  ,fichier,
  ,fichier,
  ,fichier,
  ,fichier,
  ,fichier,
  ,fichier,
  ,fichier,
  ,fichier,
  ,fichier,
  ,fichier,
  ,fichier,
  ,fichier,
  ,fichier,
  ,fichier,
  ,fichier,
  ,fichier,
  ,fichier,
  ,fichier,
  ,fichier,
  ,fichier,
  ,fichier,
  ,fichier,
  ,fichier,
  ,fichier,
  ,fichier,
  ,fichier,
  ,fichier,
  ,fichier,
  ,fichier,
  ,fichier,
  ,fichier,
  ,fichier,
  ,fichier,
  ,fichier,
  ,fichier,
  ,fichier,
  ,fichier,
  ,fichier,
  ,fichier,
  ,fichier,
  ,fichier,
  ,fichier,
  ,fichier,
  ,fichier,
  ,fichier,
  ,fichier,
  ,fichier,
  ,fichier,
  ,fichier,
  ,fichier,
  ,fichier,
  ,fichier,
  ,fichier,
  ,fichier,
  ,fichier,
  ,fichier,
  ,fichier,
  ,fichier,
  ,fichier,
  ,fichier,
  ,fichier,
  ,fichier,
  ,fichier,
  ,fichier,
  ,fichier,
  ,fichier,
  ,fichier,
  ,fichier,
  ,fichier,
  ,fichier,
  ,fichier,
  ,fichier,
  ,fichier,
  ,fichier,
  ,fichier,
  ,fichier,
  ,fichier,
  ,fichier,
  ,fichier,
  ,fichier,
  ,fichier,
  ,fichier,
  ,fichier,
  ,fichier,
  ,fichier,
  ,fichier,
  ,fichier,
  ,fichier,
  ,fichier,
  ,fichier,
  ,fichier,
  ,fichier,
  ,fichier,
  ,fichier,
  ,fichier,
  ,fichier,
  ,fichier,
  ,fichier,
  ,fichier,
  ,fichier,
  ,fichier,
  ,fichier,
  ,fichier,
  ,fichier,
  ,fichier,
  ,fichier,
  ,fichier,
  ,fichier,
  ,fichier,
  ,fichier,
  ,fichier,
  ,fichier,
  ,fichier,
  ,fichier,
  ,fichier,
  ,fichier,
  ,fichier,
  ,fichier,
  ,fichier,
  ,fichier,
  ,fichier,
  ,fichier,
  ,fichier,
  ,fichier,
  ,fichier,
  ,fichier,
  ,fichier,
  ,fichier,
  ,fichier,
  ,fichier,
  ,fichier,
  ,fichier,
  ,fichier,
  ,fichier,
  ,fichier,
  ,fichier,
  ,fichier,
  ,fichier,
  ,fichier,
  ,fichier,
  ,fichier,
  ,fichier,
  ,fichier,
  ,fichier,
  ,fichier,
  ,fichier,
  ,fichier,
  ,fichier,
  ,fichier,
  ,fichier,
  ,fichier,
  ,fichier,
  ,fichier,
  ,fichier,
  ,fichier,
  ,fichier,
  ,fichier,
  ,fichier,
  ,fichier,
  ,fichier,
  ,fichier,
  ,fichier,
  ,fichier,
  ,fichier,
  ,fichier,
  ,fichier,
  ,fichier,
  ,fichier,
  ,fichier,
  ,fichier,
  ,fichier,
  ,fichier,
  ,fichier,
  ,fichier,
  ,fichier,
  ,fichier,
  ,fichier,
  ,fichier,
  ,fichier,
  ,fichier,
  ,fichier,
  ,fichier,
  ,fichier,
  ,fichier,
  ,fichier,
  ,fichier,
  ,fichier,
  ,fichier,
  ,fichier,
  ,fichier,
  ,fichier,
  ,fichier,
  ,fichier,
  ,fichier,
  ,fichier,
  ,fichier,
  ,fichier,
  ,fichier,
  ,fichier,
  ,fichier,
  ,fichier,
  ,fichier,
  ,fichier,
  ,fichier,
  ,fichier,
  ,fichier,
  ,fichier,
  ,fichier,
  ,fichier,
  ,fichier,
  ,fichier,
  ,fichier,
  ,fichier,
  ,fichier,
  ,fichier,
  ,fichier,
  ,fichier,
  ,fichier,
  ,fichier,
  ,fichier,
  ,fichier,
  ,fichier,
  ,fichier,
  ,fichier,
  ,fichier,
  ,fichier,
  ,fichier,
  ,fichier,
  ,fichier,
  ,fichier,
  ,fichier,
  ,fichier,
  ,fichier,
  ,fichier,
  ,fichier,
  ,fichier,
  ,fichier,
  ,fichier,
  ,fichier,
  ,fichier,
  ,fichier,
  ,fichier,
  ,fichier,
  ,fichier,
  ,fichier,
  ,fichier,
  ,fichier,
  ,fichier,
  ,fichier,
  ,fichier,
  ,fichier,
  ,fichier,
  ,fichier,
  ,fichier,
  ,fichier,
  ,fichier,
  ,fichier,
  ,fichier,
  ,fichier,
  ,fichier,
  ,fichier,
  ,fichier,
  ,fichier,
  ,fichier,
  ,fichier,
  ,fichier,
  ,fichier,
  ,fichier,
  ,fichier,
  ,fichier,
  ,fichier,
  ,fichier,
  ,fichier,
  ,fichier,
  ,fichier,
  ,fichier,
  ,fichier,
  ,fichier,
  ,fichier,
  ,fichier,
  ,fichier,
  ,fichier,
  ,fichier,
  ,fichier,
  ,fichier,
  ,fichier,
  ,fichier,
  ,fichier,
  ,fichier,
  ,fichier,
  ,fichier,
  ,fichier,
  ,fichier,
  ,fichier,
  ,fichier,
  ,fichier,
  ,fichier,
  ,fichier,
  ,fichier,
  ,fichier,
  ,fichier,
  ,fichier,
  ,fichier,
  ,fichier,
  ,fichier,
  ,fichier,
  ,fichier,
  ,fichier,
  ,fichier,
  ,fichier,
  ,fichier,
  ,fichier,
  ,fichier,
  ,fichier,
  ,fichier,
  ,fichier,
  ,fichier,
  ,fichier,
  ,fichier,
  ,fichier,
  ,fichier,
  ,fichier,
  ,fichier,
  ,fichier,
  ,fichier,
  ,fichier,
  ,fichier,
  ,fichier,
  ,fichier,
  ,fichier,
  ,fichier,
  ,fichier,
  ,fichier,
  ,fichier,
  ,fichier,
  ,fichier,
  ,fichier,
  ,fichier,
  ,fichier,
  ,fichier,
  ,fichier,
  ,fichier,
  ,fichier,
  ,fichier,
  ,fichier,
  ,fichier,
  ,fichier,
  ,fichier,
  ,fichier,
  ,fichier,
  ,fichier,
  ,fichier,
  ,fichier,
  ,fichier,
  ,fichier,
  ,fichier,
  ,fichier,
  ,fichier,
  ,fichier,
  ,fichier,
  ,fichier,
  ,fichier,
  ,fichier,
  ,fichier,
  ,fichier,
  ,fichier,
  ,fichier,
  ,fichier,
  ,fichier,
  ,fichier,
  ,fichier,
  ,fichier,
  ,fichier,
  ,fichier,
  ,fichier,
  ,fichier,
  ,fichier,
  ,fichier,
  ,fichier,
  ,fichier,
  ,fichier,
  ,fichier,
  ,fichier,
  ,fichier,
  ,fichier,
  ,fichier,
  ,fichier,
  ,fichier,
  ,fichier,
  ,fichier,
  ,fichier,
  ,fichier,
  ,fichier,
  ,fichier,
  ,fichier,
  ,fichier,
  ,fichier,
  ,fichier,
  ,fichier,
  ,fichier,
  ,fichier,
  ,fichier,
  ,fichier,
  ,fichier,
  ,fichier,
  ,fichier,
  ,fichier,
  ,fichier,
  ,fichier,
  ,fichier,
  ,fichier,
  ,fichier,
  ,fichier,
  ,fichier,
  ,fichier,
  ,fichier,
  ,fichier,
  ,fichier,
  ,fichier,
  ,fichier,
  ,fichier,
  ,fichier,
  ,fichier,
  ,fichier,
  ,fichier,
  ,fichier,
  ,fichier,
  ,fichier,
  ,fichier,
  ,fichier,
  ,fichier,
  ,fichier,
  ,fichier,
  ,fichier,
  ,fichier,
  ,fichier,
  ,fichier,
  ,fichier,
  ,fichier,
  ,fichier,
  ,fichier,
  ,fichier,
  ,fichier,
  ,fichier,
  ,fichier,
  ,fichier,
  ,fichier,
  ,fichier,
  ,fichier,
  ,fichier,
  ,fichier,
  ,fichier,
  ,fichier,
  ,fichier,
  ,fichier,
  ,fichier,
  ,fichier,
  ,fichier,
  ,fichier,
  ,fichier,
  ,fichier,
  ,fichier,
  ,fichier,
  ,fichier,
  ,fichier,
  ,fichier,
  ,fichier,
  ,fichier,
  ,fichier,
  ,fichier,
  ,fichier,
  ,fichier,
  ,fichier,
  ,fichier,
  ,fichier,
  ,fichier,
  ,fichier,
  ,fichier,
  ,fichier,
  ,fichier,
  ,fichier,
  ,fichier,
  ,fichier,
  ,fichier,
  ,fichier,
  ,fichier,
  ,fichier,
  ,fichier,
  ,fichier,
  ,fichier,
  ,fichier,
  ,fichier,
  ,fichier,
  ,fichier,
  ,fichier,
  ,fichier,
  ,fichier,
  ,fichier,
  ,fichier,
  ,fichier,
  ,fichier,
  ,fichier,
  ,fichier,
  ,fichier,
  ,fichier,
  ,fichier,
  ,fichier,
  ,fichier,
  ,fichier,
  ,fichier,
  ,fichier,
  ,fichier,
  ,fichier,
  ,fichier,
  ,fichier,
  ,fichier,
  ,fichier,
  ,fichier,
  ,fichier,
  ,fichier,
  ,fichier,
  ,fichier,
  ,fichier,
  ,fichier,
  ,fichier,
  ,fichier,
  ,fichier,
  ,fichier,
  ,fichier,
  ,fichier,
  ,fichier,
  ,fichier,
  ,fichier,
  ,fichier,
  ,fichier,
  ,fichier,
  ,fichier,
  ,fichier,
  ,fichier,
  ,fichier,
  ,fichier,
  ,fichier,
  ,fichier,
  ,fichier,
  ,fichier,
  ,fichier,
  ,fichier,
  ,fichier,
  ,fichier,
  ,fichier,
  ,fichier,
  ,fichier,
  ,fichier,
  ,fichier,
  ,fichier,
  ,fichier,
  ,fichier,
  ,fichier,
  ,fichier,
  ,fichier,
  ,fichier,
  ,fichier,
  ,fichier,
  ,fichier,
  ,fichier,
  ,fichier,
  ,fichier,
  ,fichier,
  ,fichier,
  ,fichier,
  ,fichier,
  ,fichier,
  ,fichier,
  ,fichier,
  ,fichier,
  ,fichier,
  ,fichier,
  ,fichier,
  ,fichier,
  ,fichier,
  ,fichier,
  ,fichier,
  ,fichier,
  ,fichier,
  ,fichier,
  ,fichier,
  ,fichier,
  ,fichier,
  ,fichier,
  ,fichier,
  ,fichier,
  ,fichier,
  ,fichier,
  ,fichier,
  ,fichier,
  ,fichier,
  ,fichier,
  ,fichier,
  ,fichier,
  ,fichier,
  ,fichier,
  ,fichier,
  ,fichier,
  ,fichier,
  ,fichier,
  ,fichier,
  ,fichier,
  ,fichier,
  ,fichier,
  ,fichier,
  ,fichier,
  ,fichier,
  ,fichier,
  ,fichier,
  ,fichier,
  ,fichier,
  ,fichier,
  ,fichier,
  ,fichier,
  ,fichier,
  ,fichier,
  ,fichier,
  ,fichier,
  ,fichier,
  ,fichier,
  ,fichier,
  ,fichier,
  ,fichier,
  ,fichier,
  ,fichier,
  ,fichier,
  ,fichier,
  ,fichier,
  ,fichier,
  ,fichier,
  ,fichier,
  ,fichier,
  ,fichier,
  ,fichier,
  ,fichier,
  ,fichier,
  ,fichier,
  ,fichier,
  ,fichier,
  ,fichier,
  ,fichier,
  ,fichier,
  ,fichier,
  ,fichier,
  ,fichier,
  ,fichier,
  ,fichier,
  ,fichier,
  ,fichier,
  ,fichier,
  ,fichier,
  ,fichier,
  ,fichier,
  ,fichier,
  ,fichier,
  ,fichier,
  ,fichier,
  ,fichier,
  ,fichier,
  ,fichier,
  ,fichier,
  ,fichier,
  ,fichier,
  ,fichier,
  ,fichier,
  ,fichier,
  ,fichier,
  ,fichier,
  ,fichier,
  ,fichier,
  ,fichier,
  ,fichier,
  ,fichier,
  ,fichier,
  ,fichier,
  ,fichier,
  ,fichier,
  ,fichier,
  ,fichier,
  ,fichier,
  ,fichier,
  ,fichier,
  ,fichier,
  ,fichier,
  ,fichier,
  ,fichier,
  ,fichier,
  ,fichier,
  ,fichier,
  ,fichier,
  ,fichier,
  ,fichier,
  ,fichier,
  ,fichier,
  ,fichier,
  ,fichier,
  ,fichier,
  ,fichier,
  ,fichier,
  ,fichier,
  ,fichier,
  ,fichier,
  ,fichier,
  ,fichier,
  ,fichier,
  ,fichier,
  ,fichier,
  ,fichier,
  ,fichier,
  ,fichier,
  ,fichier,
  ,fichier,
  ,fichier,
  ,fichier,
  ,fichier,
  ,fichier,
  ,fichier,
  ,fichier,
  ,fichier,
  ,fichier,
  ,fichier,
  ,fichier,
  ,fichier,
  ,fichier,
  ,fichier,
  ,fichier,
  ,fichier,
  ,fichier,
  ,fichier,
  ,fichier,
  ,fichier,
  ,fichier,
  ,fichier,
  ,fichier,
  ,fichier,
  ,fichier,
  ,fichier,
  ,fichier,
  ,fichier,
  ,fichier,
  ,fichier,
  ,fichier,
  ,fichier,
  ,fichier,
  ,fichier,
  ,fichier,
  ,fichier,
  ,fichier,
  ,fichier,
  ,fichier,
  ,fichier,
  ,fichier,
  ,fichier,
  ,fichier,
  ,fichier,
  ,fichier,
  ,fichier,
  ,fichier,
  ,fichier,
  ,fichier,
  ,fichier,
  ,fichier,
  ,fichier,
  ,fichier,
  ,fichier,
  ,fichier,
  ,fichier,
  ,fichier,
  ,fichier,
  ,fichier,
  ,fichier,
  ,fichier,
  ,fichier,
  ,fichier,
  ,fichier,
  ,fichier,
  ,fichier,
  ,fichier,
  ,fichier,
  ,fichier,
  ,fichier,
  ,fichier,
  ,fichier,
  ,fichier,
  ,fichier,
  ,fichier,
  ,fichier,
  ,fichier,
  ,fichier,
  ,fichier,
  ,fichier,
  ,fichier,
  ,fichier,
  ,fichier,
  ,fichier,
  ,fichier,
  ,fichier,
  ,fichier,
  ,fichier,
  ,fichier,
  ,fichier,
  ,fichier,
  ,fichier,
  ,fichier,
  ,fichier,
  ,fichier,
  ,fichier,
  ,fichier,
  ,fichier,
  ,fichier,
  ,fichier,
  ,fichier,
  ,fichier,
  ,fichier,
  ,fichier,
  ,fichier,
  ,fichier,
  ,fichier,
  ,fichier,
  ,fichier,
  ,fichier,
  ,fichier,
  ,fichier,
  ,fichier,
  ,fichier,
  ,fichier,
  ,fichier,
  ,fichier,
  ,fichier,
  ,fichier,
  ,fichier,
  ,fichier,
  ,fichier,
  ,fichier,
  ,fichier,
  ,fichier,
  ,fichier,
  ,fichier,
  ,fichier,
  ,fichier,
  ,fichier,
  ,fichier,
  ,fichier,
  ,fichier,
  ,fichier,
  ,fichier,
  ,fichier,
  ,fichier,
  ,fichier,
  ,fichier,
  ,fichier,
  ,fichier,
  ,fichier,
  ,fichier,
  ,fichier,
  ,fichier,
  ,fichier,
  ,fichier,
  ,fichier,
  ,fichier,
  ,fichier,
  ,fichier,
  ,fichier,
  ,fichier,
  ,fichier,
  ,fichier,
  ,fichier,
  ,fichier,
  ,fichier,
  ,fichier,
  ,fichier,
  ,fichier,
  ,fichier,
  ,fichier,
  ,fichier,
  ,fichier,
  ,fichier,
  ,fichier,
  ,fichier,
  ,fichier,
  ,fichier,
  ,fichier,
  ,fichier,
  ,fichier,
  ,fichier,
  ,fichier,
  ,fichier,
  ,fichier,
  ,fichier,
  ,fichier,
  ,fichier,
  ,fichier,
  ,fichier,
  ,fichier,
  ,fichier,
  ,fichier,
  ,fichier,
  ,fichier,
  ,fichier,
  ,fichier,
  ,fichier,
  ,fichier,
  ,fichier,
  ,fichier,
  ,fichier,
  ,fichier,
  ,fichier,
  ,fichier,
  ,fichier,
  ,fichier,
  ,fichier,
  ,fichier,
  ,fichier,
  ,fichier,
  ,fichier,
  ,fichier,
  ,fichier,
  ,fichier,
  ,fichier,
  ,fichier,
  ,fichier,
  ,fichier,
  ,fichier,
  ,fichier,
  ,fichier,
  ,fichier,
  ,fichier,
  ,fichier,
  ,fichier,
  ,fichier,
  ,fichier,
  ,fichier,
  ,fichier,
  ,fichier,
  ,fichier,
  ,fichier,
  ,fichier,
  ,fichier,
  ,fichier,
  ,fichier,
  ,fichier,
  ,fichier,
  ,fichier,
  ,fichier,
  ,fichier,
  ,fichier,
  ,fichier,
  ,fichier,
  ,fichier,
  ,fichier,
  ,fichier,
  ,fichier,
  ,fichier,
  ,fichier,
  ,fichier,
  ,fichier,
  ,fichier,
  ,fichier,
  ,fichier,
  ,fichier,
  ,fichier,
  ,fichier,
  ,fichier,
  ,fichier,
  ,fichier,
  ,fichier,
  ,fichier,
  ,fichier,
  ,fichier,
  ,fichier,
  ,fichier,
  ,fichier,
  ,fichier,
  ,fichier,
  ,fichier,
  ,fichier,
  ,fichier,
  ,fichier,
  ,fichier,
  ,fichier,
  ,fichier,
  ,fichier,
  ,fichier,
  ,fichier,
  ,fichier,
  ,fichier,
  ,fichier,
  ,fichier,
  ,fichier,
  ,fichier,
  ,fichier,
  ,fichier,
  ,fichier,
  ,fichier,
  ,fichier,
  ,fichier,
  ,fichier,
  ,fichier,
  ,fichier,
  ,fichier,
  ,fichier,
  ,fichier,
  ,fichier,
  ,fichier,
  ,fichier,
  ,fichier,
  ,fichier,
  ,fichier,
  ,fichier,
  ,fichier,
  ,fichier,
  ,fichier,
  ,fichier,
  ,fichier,
  ,fichier,
  ,fichier,
  ,fichier,
  ,fichier,
  ,fichier,
  ,fichier,
  ,fichier,
  ,fichier,
  ,fichier,
  ,fichier,
  ,fichier,
  ,fichier,
  ,fichier,
  ,fichier,
  ,fichier,
  ,fichier,
  ,fichier,
  ,fichier,
  ,fichier,
  ,fichier,
  ,fichier,
  ,fichier,
  ,fichier,
  ,fichier,
  ,fichier,
  ,fichier,
  ,fichier,
  ,fichier,
  ,fichier,
  ,fichier,
  ,fichier,
  ,fichier,
  ,fichier,
  ,fichier,
  ,fichier,
  ,fichier,
  ,fichier,
  ,fichier,
  ,fichier,
  ,fichier,
  ,fichier,
  ,fichier,
  ,fichier,
  ,fichier,
  ,fichier,
  ,fichier,
  ,fichier,
  ,fichier,
  ,fichier,
  ,fichier,
  ,fichier,
  ,fichier,
  ,fichier,
  ,fichier,
  ,fichier,
  ,fichier,
  ,fichier,
  ,fichier,
  ,fichier,
  ,fichier,
  ,fichier,
  ,fichier,
  ,fichier,
  ,fichier,
  ,fichier,
  ,fichier,
  ,fichier,
  ,fichier,
  ,fichier,
  ,fichier,
  ,fichier,
  ,fichier,
  ,fichier,
  ,fichier,
  ,fichier,
  ,fichier,
  ,fichier,
  ,fichier,
  ,fichier,
  ,fichier,
  ,fichier,
  ,fichier,
  ,fichier,
  ,fichier,
  ,fichier,
  ,fichier,
  ,fichier,
  ,fichier,
  ,fichier,
  ,fichier,
  ,fichier,
  ,fichier,
  ,fichier,
  ,fichier,
  ,fichier,
  ,fichier,
  ,fichier,
  ,fichier,
  ,fichier,
  ,fichier,
  ,fichier,
  ,fichier,
  ,fichier,
  ,fichier,
  ,fichier,
  ,fichier,
  ,fichier,
  ,fichier,
  ,fichier,
  ,fichier,
  ,fichier,
  ,fichier,
  ,fichier,
  ,fichier,
  ,fichier,
  ,fichier,
  ,fichier,
  ,fichier,
  ,fichier,
  ,fichier,
  ,fichier,
  ,fichier,
  ,fichier,
  ,fichier,
  ,fichier,
  ,fichier,
  ,fichier,
  ,fichier,
  ,fichier,
  ,fichier,
  ,fichier,
  ,fichier,
  ,fichier,
  ,fichier,
  ,fichier,
  ,fichier,
  ,fichier,
  ,fichier,
  ,fichier,
  ,fichier,
  ,fichier,
  ,fichier,
  ,fichier,
  ,fichier,
  ,fichier,
  ,fichier,
  ,fichier,
  ,fichier,
  ,fichier,
  ,fichier,
  ,fichier,
  ,fichier,
  ,fichier,
  ,fichier,
  ,fichier,
  ,fichier,
  ,fichier,
  ,fichier,
  ,fichier,
  ,fichier,
  ,fichier,
  ,fichier,
  ,fichier,
  ,fichier,
  ,fichier,
  ,fichier,
  ,fichier,
  ,fichier,
  ,fichier,
  ,fichier,
  ,fichier,
  ,fichier,
  ,fichier,
  ,fichier,
  ,fichier,
  ,fichier,
  ,fichier,
  ,fichier,
  ,fichier,
  ,fichier,
  ,fichier,
  ,fichier,
  ,fichier,
  ,fichier,
  ,fichier,
  ,fichier,
  ,fichier,
  ,fichier,
  ,fichier,
  ,fichier,
  ,fichier,
  ,fichier,
  ,fichier,
  ,fichier,
  ,fichier,
  ,fichier,
  ,fichier,
  ,fichier,
  ,fichier,
  ,fichier,
  ,fichier,
  ,fichier,
  ,fichier,
  ,fichier,
  ,fichier,
  ,fichier,
  ,fichier,
  ,fichier,
  ,fichier,
  ,fichier,
  ,fichier,
  ,fichier,
  ,fichier,
  ,fichier,
  ,fichier,
  ,fichier,
  ,fichier,
  ,fichier,
  ,fichier,
  ,fichier,
  ,fichier,
  ,fichier,
  ,fichier,
  ,fichier,
  ,fichier,
  ,fichier,
  ,fichier,
  ,fichier,
  ,fichier,
  ,fichier,
  ,fichier,
  ,fichier,
  ,fichier,
  ,fichier,
  ,fichier,
  ,fichier,
  ,fichier,
  ,fichier,
  ,fichier,
  ,fichier,
  ,fichier,
  ,fichier,
  ,fichier,
  ,fichier,
  ,fichier,
  ,fichier,
  ,fichier,
  ,fichier,
  ,fichier,
  ,fichier,
  ,fichier,
  ,fichier,
  ,fichier,
  ,fichier,
  ,fichier,
  ,fichier,
  ,fichier,
  ,fichier,
  ,fichier,
  ,fichier,
  ,fichier,
  ,fichier,
  ,fichier,
  ,fichier,
  ,fichier,
  ,fichier,
  ,fichier,
  ,fichier,
  ,fichier,
  ,fichier,
  ,fichier,
  ,fichier,
  ,fichier,
  ,fichier,
  ,fichier,
  ,fichier,
  ,fichier,
  ,fichier,
  ,fichier,
  ,fichier,
  ,fichier,
  ,fichier,
  ,fichier,
  ,fichier,
  ,fichier,
  ,fichier,
  ,fichier,
  ,fichier,
  ,fichier,
  ,fichier,
  ,fichier,
  ,fichier,
  ,fichier,
  ,fichier,
  ,fichier,
  ,fichier,
  ,fichier,
  ,fichier,
  ,fichier,
  ,fichier,
  ,fichier,
  ,fichier,
  ,fichier,
  ,fichier,
  ,fichier,
  ,fichier,
  ,fichier,
  ,fichier,
  ,fichier,
  ,fichier,
  ,fichier,
  ,fichier,
  ,fichier,
  ,fichier,
  ,fichier,
  ,fichier,
  ,fichier,
  ,fichier,
  ,fichier,
  ,fichier,
  ,fichier,
  ,fichier,
  ,fichier,
  ,fichier,
  ,fichier,
  ,fichier,
  ,fichier,
  ,fichier,
  ,fichier,
  ,fichier,
  ,fichier,
  ,fichier,
  ,fichier,
  ,fichier,
  ,fichier,
  ,fichier,
  ,fichier,
  ,fichier,
  ,fichier,
  ,fichier,
  ,fichier,
  ,fichier,
  ,fichier,
  ,fichier,
  ,fichier,
  ,fichier,
  ,fichier,
  ,fichier,
  ,fichier,
  ,fichier,
  ,fichier,
  ,fichier,
  ,fichier,
  ,fichier,
  ,fichier,
  ,fichier,
  ,fichier,
  ,fichier,
  ,fichier,
  ,fichier,
  ,fichier,
  ,fichier,
  ,fichier,
  ,fichier,
  ,fichier,
  ,fichier,
  ,fichier,
  ,fichier,
  ,fichier,
  ,fichier,
  ,fichier,
  ,fichier,
  ,fichier,
  ,fichier,
  ,fichier,
  ,fichier,
  ,fichier,
  ,fichier,
  ,fichier,
  ,fichier,
  ,fichier,
  ,fichier,
  ,fichier,
  ,fichier,
  ,fichier,
  ,fichier,
  ,fichier,
  ,fichier,
  ,fichier,
  ,fichier,
  ,fichier,
  ,fichier,
  ,fichier,
  ,fichier,
  ,fichier,
  ,fichier,
  ,fichier,
  ,fichier,
  ,fichier,
  ,fichier,
  ,fichier,
  ,fichier,
  ,fichier,
  ,fichier,
  ,fichier,
  ,fichier,
  ,fichier,
  ,fichier,
  ,fichier,
  ,fichier,
  ,fichier,
  ,fichier,
  ,fichier,
  ,fichier,
  ,fichier,
  ,fichier,
  ,fichier,
  ,fichier,
  ,fichier,
  ,fichier,
  ,fichier,
  ,fichier,
  ,fichier,
  ,fichier,
  ,fichier,
  ,fichier,
  ,fichier,
  ,fichier,
  ,fichier,
  ,fichier,
  ,fichier,
  ,fichier,
  ,fichier,
  ,fichier,
  ,fichier,
  ,fichier,
  ,fichier,
  ,fichier,
  ,fichier,
  ,fichier,
  ,fichier,
  ,fichier,
  ,fichier,
  ,fichier,
  ,fichier,
  ,fichier,
  ,fichier,
  ,fichier,
  ,fichier,
  ,fichier,
  ,fichier,
  ,fichier,
  ,fichier,
  ,fichier,
  ,fichier,
  ,fichier,
  ,fichier,
  ,fichier,
  ,fichier,
  ,fichier,
  ,fichier,
  ,fichier,
  ,fichier,
  ,fichier,
  ,fichier,
  ,fichier,
  ,fichier,
  ,fichier,
  ,fichier,
  ,fichier,
  ,fichier,
  ,fichier,
  ,fichier,
  ,fichier,
  ,fichier,
  ,fichier,
  ,fichier,
  ,fichier,
  ,fichier,
  ,fichier,
  ,fichier,
  ,fichier,
  ,fichier,
  ,fichier,
  ,fichier,
  ,fichier,
  ,fichier,
  ,fichier,
  ,fichier,
  ,fichier,
  ,fichier,
  ,fichier,
  ,fichier,
  ,fichier,
  ,fichier,
  ,fichier,
  ,fichier,
  ,fichier,
  ,fichier,
  ,fichier,
  ,fichier,
  ,fichier,
  ,fichier,
  ,fichier,
  ,fichier,
  ,fichier,
  ,fichier,
  ,fichier,
  ,fichier,
  ,fichier,
  ,fichier,
  ,fichier,
  ,fichier,
  ,fichier,
  ,fichier,
  ,fichier,
  ,fichier,
  ,fichier,
  ,fichier,
  ,fichier,
  ,fichier,
  ,fichier,
  ,fichier,
  ,fichier,
  ,fichier,
  ,fichier,
  ,fichier,
  ,fichier,
  ,fichier,
  ,fichier,
  ,fichier,
  ,fichier,
  ,fichier,
  ,fichier,
  ,fichier,
  ,fichier,
  ,fichier,
  ,fichier,
  ,fichier,
  ,fichier,
  ,fichier,
  ,fichier,
  ,fichier,
  ,fichier,
  ,fichier,
  ,fichier,
  ,fichier,
  ,fichier,
  ,fichier,
  ,fichier,
  ,fichier,
  ,fichier,
  ,fichier,
  ,fichier,
  ,fichier,
  ,fichier,
  ,fichier,
  ,fichier,
  ,fichier,
  ,fichier,
  ,fichier,
  ,fichier,
  ,fichier,
  ,fichier,
  ,fichier,
  ,fichier,
  ,fichier,
  ,fichier,
  ,fichier,
  ,fichier,
  ,fichier,
  ,fichier,
  ,fichier,
  ,fichier,
  ,fichier,
  ,fichier,
  ,fichier,
  ,fichier,
  ,fichier,
  ,fichier,
  ,fichier,
  ,fichier,
  ,fichier,
  ,fichier,
  ,fichier,
  ,fichier,
  ,fichier,
  ,fichier,
  ,fichier,
  ,fichier,
  ,fichier,
  ,fichier,
  ,fichier,
  ,fichier,
  ,fichier,
  ,fichier,
  ,fichier,
  ,fichier,
  ,fichier,
  ,fichier,
  ,fichier,
  ,fichier,
  ,fichier,
  ,fichier,
  ,fichier,
  ,fichier,
  ,fichier,
  ,fichier,
  ,fichier,
  ,fichier,
  ,fichier,
  ,fichier,
  ,fichier,
  ,fichier,
  ,fichier,
  ,fichier,
  ,fichier,
  ,fichier,
  ,fichier,
  ,fichier,
  ,fichier,
  ,fichier,
  ,fichier,
  ,fichier,
  ,fichier,
  ,fichier,
  ,fichier,
  ,fichier,
  ,fichier,
  ,fichier,
  ,fichier,
  ,fichier,
  ,fichier,
  ,fichier,
  ,fichier,
  ,fichier,
  ,fichier,
  ,fichier,
  ,fichier,
  ,fichier,
  ,fichier,
  ,fichier,
  ,fichier,
  ,fichier,
  ,fichier,
  ,fichier,
  ,fichier,
  ,fichier,
  ,fichier,
  ,fichier,
  ,fichier,
  ,fichier,
  ,fichier,
  ,fichier,
  ,fichier,
  ,fichier,
  ,fichier,
  ,fichier,
  ,fichier,
  ,fichier,
  ,fichier,
  ,fichier,
  ,fichier,
  ,fichier,
  ,fichier,
  ,fichier,
  ,fichier,
  ,fichier,
  ,fichier,
  ,fichier,
  ,fichier,
  ,fichier,
  ,fichier,
  ,fichier,
  ,fichier,
  ,fichier,
  ,fichier,
  ,fichier,
  ,fichier,
  ,fichier,
  ,fichier,
  ,fichier,
  ,fichier,
  ,fichier,
  ,fichier,
  ,fichier,
  ,fichier,
  ,fichier,
  ,fichier,
  ,fichier,
  ,fichier,
  ,fichier,
  ,fichier,
  ,fichier,
  ,fichier,
  ,fichier,
  ,fichier,
  ,fichier,
  ,fichier,
  ,fichier,
  ,fichier,
  ,fichier,
  ,fichier,
  ,fichier,
  ,fichier,
  ,fichier,
  ,fichier,
  ,fichier,
  ,fichier,
  ,fichier,
  ,fichier,
  ,fichier,
  ,fichier,
  ,fichier,
  ,fichier,
  ,fichier,
  
